question_id,horizon,user_id,CRPS_forecast
10975,1,101465,1121793.5998677337
10975,1,102994,1124794.4426310158
10975,1,103275,1047650.1303956164
10975,1,103309,1010399.6740283523
10975,1,104161,1115281.2003198038
10975,1,104885,1000618.9784902761
10975,1,105656,1154985.6916549131
10975,1,106326,1129478.6883303232
10975,1,107445,1150006.2231873353
10975,1,108495,1201849.2806877422
10975,1,109158,805182.4139144971
10975,1,109233,1166772.4224417733
10975,1,110540,1114933.8307929826
10975,1,110947,1138003.9810959043
10975,1,111160,1082655.263818911
10975,1,111327,1072428.0586780133
10975,1,111659,1155024.9578465677
10975,1,111743,976818.3428207858
10975,1,111772,1109410.6397575475
10975,1,111805,1071739.0465114734
10975,1,111881,1087481.2341087759
10975,1,112024,1201995.1653493878
10975,1,112167,1242482.3640536682
10975,1,112326,1150868.4057990222
10975,1,112497,1137291.6894845318
10975,1,112655,1060784.4736643871
10975,1,112705,1127987.7046020853
10975,1,113862,1163495.776265049
10975,1,114017,1117239.0218508742
10975,1,114156,1130663.7365917673
10975,1,114171,1103104.2587242112
10975,1,114187,1074018.2645158533
10975,1,114516,1257935.262884535
10975,1,114806,1100977.5123723426
10975,1,114953,1144819.4498996192
10975,1,115191,1197417.0512735285
10975,1,115250,1122660.543148222
10975,1,115352,1139323.0619937351
10975,1,115375,1142720.589371917
10975,1,115575,1234666.8531317792
10975,1,115725,1093053.4224108509
10975,1,115866,1179459.6619141938
10975,1,116132,1090330.8996691434
10975,1,116624,692426.0295559253
10975,1,117502,1125850.225257902
10975,1,117552,1196035.2862516483
10975,1,117580,1151471.6472453168
10975,1,117719,1328513.8507391594
10975,1,117720,1093044.432794067
10975,1,117938,1137621.9401098655
10975,1,117970,1196003.5587974656
10975,1,118050,1137586.6097269328
10975,1,118419,1147567.1369432528
10975,1,118677,1051227.2186376532
10975,1,118777,1199280.7627744914
10975,1,119005,1088151.5721342072
10975,1,119094,1110283.8202493065
10975,1,119188,1161685.2008734643
10975,1,119502,1141196.2581235352
10975,1,119610,1162653.002079387
10975,1,119767,1017628.954407854
10975,1,119839,1109163.5494508587
10975,1,119876,1145050.9788386435
10975,1,119983,1160611.3398133358
10975,1,120245,1335441.2527830477
10975,1,120255,1211365.1037324576
10975,1,120381,1706299.0079346355
10975,1,120460,1152384.859617561
10975,1,120998,1018096.4778898609
10975,1,121041,1004893.1603300329
10975,1,121053,1030466.1373517318
10975,1,121225,1167184.7569646807
10975,1,122283,1063892.0086856366
10975,1,122416,1142758.2700988099
10975,1,122585,1231403.2916093313
10975,1,122687,875980.7846170379
10975,1,122994,1192967.2826487601
10975,1,123156,1088953.2376298162
10975,1,123224,2306320.5359779065
10975,1,123401,1146664.555682928
10975,1,123622,1161581.945014521
10975,1,124059,1173969.7077008944
10975,1,124130,1180592.1158758085
10975,1,124377,925396.9424999421
10975,1,124733,1218329.5925606545
10975,1,125016,1099631.4685660333
10975,1,125544,1330839.5954621066
10975,1,125657,1178356.657272691
10975,1,125774,1163035.3957658296
10975,1,126018,1194652.1745933243
10975,1,126295,1229893.4204352181
10975,1,126809,1029119.8456602106
10975,1,127141,1903733.258433183
10975,1,127181,1045024.0126243805
10975,1,127236,1108394.23947472
10975,1,127300,1102182.351114698
10975,1,127408,1105272.3761966925
10975,1,127467,321407.9517285575
10975,1,127516,1392600.4822482518
10975,1,127560,1438176.8340866247
10975,1,127599,1230555.709300998
10975,1,127640,1134815.3900714081
10975,1,127643,1189681.290735893
10975,1,128298,1683665.2884690647
10975,1,128604,1188758.4464628003
10975,1,128936,1177951.734070203
10975,2,101465,1145211.7226912994
10975,2,102994,1124794.4426310158
10975,2,103275,1047650.1303956164
10975,2,103309,1010399.6740283523
10975,2,104161,1115281.2003198038
10975,2,104885,1000618.9784902761
10975,2,105656,1044057.3716465081
10975,2,106326,1129478.6883303232
10975,2,107445,1095135.7583187723
10975,2,108495,1201849.2806877422
10975,2,109158,1000768.5603870329
10975,2,109233,1166772.4224417733
10975,2,110540,1114933.8307929826
10975,2,111160,1082655.263818911
10975,2,111327,1072428.0586780133
10975,2,111659,1155024.9578465677
10975,2,111743,976818.3428207858
10975,2,111772,1109410.6397575475
10975,2,111805,1071739.0465114734
10975,2,111881,1087481.2341087759
10975,2,112024,1201995.1653493878
10975,2,112167,1242482.3640536682
10975,2,112326,1260838.6033736316
10975,2,112497,1137291.6894845318
10975,2,112655,1060784.4736643871
10975,2,112705,1127987.7046020853
10975,2,113862,1163495.776265049
10975,2,114156,1104800.5815583305
10975,2,114171,1103104.2587242112
10975,2,114516,1257935.262884535
10975,2,114806,1100977.5123723426
10975,2,114953,1189408.1856361744
10975,2,115191,1197417.0512735285
10975,2,115250,1011827.7669180814
10975,2,115352,1139323.0619937351
10975,2,115375,1139972.3392001735
10975,2,115575,1234666.8531317792
10975,2,115725,1093053.4224108509
10975,2,115866,1179459.6619141938
10975,2,116132,1090330.8996691434
10975,2,116624,692426.0295559253
10975,2,117502,1095429.4136446652
10975,2,117552,1196035.2862516483
10975,2,117580,1151471.6472453168
10975,2,117719,1328513.8507391594
10975,2,117720,1093044.432794067
10975,2,117938,1137621.9401098655
10975,2,117970,1196003.5587974656
10975,2,118050,1137586.6097269328
10975,2,118419,1147567.1369432528
10975,2,118777,1193766.5354131456
10975,2,119005,1088151.5721342072
10975,2,119094,1110283.8202493065
10975,2,119188,1160071.816791331
10975,2,119502,1141196.2581235352
10975,2,119610,1162653.002079387
10975,2,119767,1017628.954407854
10975,2,119839,1109163.5494508587
10975,2,119876,1173969.7077008944
10975,2,119983,1165678.5901691406
10975,2,120245,1335441.2527830477
10975,2,120255,1211365.1037324576
10975,2,120381,1706299.0079346355
10975,2,120460,1152384.859617561
10975,2,120998,1018096.4778898609
10975,2,121041,857844.1569053917
10975,2,121053,1030466.1373517318
10975,2,121225,1200846.5049244722
10975,2,122283,1063892.0086856366
10975,2,122416,1142758.2700988099
10975,2,122585,1231403.2916093313
10975,2,122687,875980.7846170379
10975,2,123156,1088953.2376298162
10975,2,123224,2306320.5359779065
10975,2,123401,789049.2754401811
10975,2,123622,1182784.2798887775
10975,2,124059,1173969.7077008944
10975,2,124130,1180592.1158758085
10975,2,124377,925396.9424999421
10975,2,124733,1218329.5925606545
10975,2,125016,1099631.4685660333
10975,2,125544,1330839.5954621066
10975,2,125657,1178356.657272691
10975,2,125774,1163035.3957658296
10975,2,126018,1194652.1745933243
10975,2,126295,1229893.4204352181
10975,2,126809,1029119.8456602106
10975,2,127141,1903733.258433183
10975,2,127181,1045024.0126243805
10975,2,127236,1108394.23947472
10975,2,127300,1102182.351114698
10975,2,127408,1105272.3761966925
10975,2,127467,321407.9517285575
10975,2,127516,1392600.4822482518
10975,2,127560,1438176.8340866247
10975,2,127599,1230555.709300998
10975,2,127640,1134815.3900714081
10975,2,127643,1189681.290735893
10975,2,128298,1683665.2884690647
10975,2,128604,1194337.5828659767
10975,2,128936,1177951.734070203
10975,3,101465,1024594.5905148146
10975,3,103275,1047650.1303956164
10975,3,103309,1010399.6740283523
10975,3,104161,1115281.2003198038
10975,3,104885,1000618.9784902761
10975,3,105656,1044057.3716465081
10975,3,106326,1093641.6162983216
10975,3,107445,1095135.7583187723
10975,3,108495,1201849.2806877422
10975,3,109158,1000768.5603870329
10975,3,109233,1166772.4224417733
10975,3,110540,1114933.8307929826
10975,3,111160,1082655.263818911
10975,3,111327,1252571.060770133
10975,3,111659,1143765.0676115716
10975,3,111743,976818.3428207858
10975,3,111772,1113132.6053084005
10975,3,111805,1071739.0465114734
10975,3,111881,1029993.251484034
10975,3,112024,1167691.2300692478
10975,3,112167,1242482.3640536682
10975,3,112326,1260838.6033736316
10975,3,112497,1137291.6894845318
10975,3,112655,1060784.4736643871
10975,3,112705,1081007.9136538694
10975,3,113862,1163495.776265049
10975,3,114156,1049029.9011382235
10975,3,114171,1103104.2587242112
10975,3,114516,1257935.262884535
10975,3,114806,1100977.5123723426
10975,3,115191,1197417.0512735285
10975,3,115250,1011827.7669180814
10975,3,115375,1233930.6561487198
10975,3,115575,1234666.8531317792
10975,3,115725,1087696.885389799
10975,3,115866,1179459.6619141938
10975,3,116624,692426.0295559253
10975,3,117502,1073470.3969489508
10975,3,117552,1196035.2862516483
10975,3,117580,1148213.7679368323
10975,3,117719,1328513.8507391594
10975,3,117720,1093044.432794067
10975,3,117938,1137621.9401098655
10975,3,117970,1196003.5587974656
10975,3,118050,1137586.6097269328
10975,3,118419,1147567.1369432528
10975,3,118777,1204008.1106459028
10975,3,119005,1088151.5721342072
10975,3,119188,1099428.4931110484
10975,3,119610,1162653.002079387
10975,3,119767,1017628.954407854
10975,3,119839,1109163.5494508587
10975,3,119876,1173969.7077008944
10975,3,119983,1165678.5901691406
10975,3,120245,1335441.2527830477
10975,3,120255,1144794.9307933496
10975,3,120381,1706299.0079346355
10975,3,120998,1018096.4778898609
10975,3,121041,857844.1569053917
10975,3,121053,1030466.1373517318
10975,3,121225,1200846.5049244722
10975,3,122283,1063892.0086856366
10975,3,122416,961307.5359303388
10975,3,122585,1231403.2916093313
10975,3,122687,875980.7846170379
10975,3,123156,1106517.3067548426
10975,3,123224,2306320.5359779065
10975,3,123401,789049.2754401811
10975,3,123622,1182784.2798887775
10975,3,124059,1173969.7077008944
10975,3,124377,925396.9424999421
10975,3,124733,1218329.5925606545
10975,3,125016,1099631.4685660333
10975,3,125544,1330839.5954621066
10975,3,125657,1178356.657272691
10975,3,125774,1163035.3957658296
10975,3,126018,1163891.4465783685
10975,3,126295,1229893.4204352181
10975,3,126809,1029119.8456602106
10975,3,127141,1903733.258433183
10975,3,127181,1413224.606063049
10975,3,127236,1108394.23947472
10975,3,127300,1102182.351114698
10975,3,127408,1105272.3761966925
10975,3,127467,321407.9517285575
10975,3,127516,1392600.4822482518
10975,3,127560,1438176.8340866247
10975,3,127599,1230555.709300998
10975,3,127640,1134815.3900714081
10975,3,127643,1189681.290735893
10975,3,128298,1683665.2884690647
10975,3,128604,1144972.8994883355
10978,1,101465,879379397.8857586
10978,1,103309,945238231.5882157
10978,1,103600,920748676.0122395
10978,1,106326,912932936.8122089
10978,1,107445,928593716.6130534
10978,1,108495,875067112.982594
10978,1,109577,918137916.2755115
10978,1,111659,905895443.2481539
10978,1,111772,903864060.6616352
10978,1,111805,918194892.0892687
10978,1,111881,906838865.7288146
10978,1,112024,918779761.9684311
10978,1,112134,920815784.5768721
10978,1,112167,856497512.0906641
10978,1,112222,923520768.9696296
10978,1,112413,919853195.223234
10978,1,112655,760784384.0292523
10978,1,112705,913037549.9740015
10978,1,113008,843811812.5301287
10978,1,113693,923653321.7708868
10978,1,114156,923395429.0237967
10978,1,114516,896182583.0264087
10978,1,114685,919964156.1567426
10978,1,115250,928143416.4548479
10978,1,115375,906353313.7579446
10978,1,115575,923699904.5591809
10978,1,115866,928167894.1159339
10978,1,116062,931037730.8931233
10978,1,116132,844598232.298634
10978,1,117121,963096601.3639
10978,1,117580,909142243.4333792
10978,1,117719,946905111.5432214
10978,1,118419,904444167.8823625
10978,1,118777,899890424.8766016
10978,1,119005,917042675.7900126
10978,1,119188,916332044.9314325
10978,1,119681,897132527.4189435
10978,1,119767,918113616.9438503
10978,1,119839,930468650.5625921
10978,1,120255,918970676.6008716
10978,1,121041,917860337.6028945
10978,1,121122,936835304.4868488
10978,1,121212,932017352.1708893
10978,1,121225,945257724.4604763
10978,1,122687,909115057.3668144
10978,1,122765,917415744.7860099
10978,1,122994,934515888.1199477
10978,1,123156,918911818.7706676
10978,1,123401,897874000.716345
10978,1,123622,922556552.808811
10978,1,124733,933495591.6536418
10978,1,125016,916275344.4045436
10978,1,125544,915744965.362933
10978,1,126018,920383617.1203009
10978,1,126113,950964872.9257382
10978,1,127181,919771433.5449483
10978,1,127223,936658604.9076129
10978,1,127408,922130590.5421107
10978,1,127478,872894371.0157561
10978,1,127516,914881274.7304924
10978,1,127560,921349826.9350178
10978,1,127643,929218115.6011404
10978,1,127701,923745668.413695
10978,1,128030,923445760.4731266
10978,2,101465,907296999.2227505
10978,2,103309,945238231.5882157
10978,2,103600,932773449.7419652
10978,2,107445,928593716.6130534
10978,2,108495,875067112.982594
10978,2,111659,909828580.6692338
10978,2,111772,903603716.857392
10978,2,111805,918194892.0892687
10978,2,111881,908122365.1636423
10978,2,112024,918779761.9684311
10978,2,112134,920815784.5768721
10978,2,112167,893544552.7529187
10978,2,112655,760784384.0292523
10978,2,112705,908969641.6519731
10978,2,113693,923653321.7708868
10978,2,114156,923395429.0237967
10978,2,114516,892974355.4673018
10978,2,114685,919964156.1567426
10978,2,115250,928143416.4548479
10978,2,115375,924244174.7021247
10978,2,115575,923699904.5591809
10978,2,115866,928167894.1159339
10978,2,116062,931037730.8931233
10978,2,116132,844598232.298634
10978,2,117121,963096601.3639
10978,2,117580,908414402.5597461
10978,2,117719,946905111.5432214
10978,2,118777,917678505.1000408
10978,2,119005,917042675.7900126
10978,2,119188,913326818.6305138
10978,2,119681,897132527.4189435
10978,2,119767,918113616.9438503
10978,2,119839,930468650.5625921
10978,2,120255,909848642.7819587
10978,2,121041,926939111.338515
10978,2,121122,936835304.4868488
10978,2,121212,932017352.1708893
10978,2,121225,945257724.4604763
10978,2,122687,909115057.3668144
10978,2,122765,917415744.7860099
10978,2,122994,934515888.1199477
10978,2,123401,914691231.4898703
10978,2,123622,898137823.8169975
10978,2,124733,933495591.6536418
10978,2,125544,915744965.362933
10978,2,126018,930869271.8644654
10978,2,126113,950964872.9257382
10978,2,127181,919771433.5449483
10978,2,127223,936658604.9076129
10978,2,127408,922130590.5421107
10978,2,127478,872894371.0157561
10978,2,127516,914881274.7304924
10978,2,127560,921349826.9350178
10978,2,127643,929218115.6011404
10978,2,127701,923745668.413695
10978,3,101465,905181584.7028584
10978,3,103309,945238231.5882157
10978,3,103600,922037097.9897546
10978,3,107445,928593716.6130534
10978,3,108495,940694015.6485695
10978,3,111659,920377710.2952178
10978,3,111772,903603716.857392
10978,3,112024,918779761.9684311
10978,3,112134,920815784.5768721
10978,3,112167,893544552.7529187
10978,3,112655,760784384.0292523
10978,3,112705,902406432.2946737
10978,3,113693,923653321.7708868
10978,3,114156,899736805.6370525
10978,3,114516,892974355.4673018
10978,3,114685,919964156.1567426
10978,3,115250,951697754.5685973
10978,3,115375,920439122.4940065
10978,3,115575,923699904.5591809
10978,3,115866,928167894.1159339
10978,3,116062,931037730.8931233
10978,3,116132,804869494.6989425
10978,3,117121,963096601.3639
10978,3,117580,908414402.5597461
10978,3,117719,946905111.5432214
10978,3,118777,929626769.6390626
10978,3,119005,917042675.7900126
10978,3,119188,913326818.6305138
10978,3,119767,918113616.9438503
10978,3,119839,930468650.5625921
10978,3,120255,921596187.651976
10978,3,121041,926165170.9280834
10978,3,121122,935334633.0373001
10978,3,121212,932017352.1708893
10978,3,121225,945257724.4604763
10978,3,122687,827365807.0608792
10978,3,122765,917415744.7860099
10978,3,122994,934515888.1199477
10978,3,123401,914691231.4898703
10978,3,123622,898137823.8169975
10978,3,124733,933495591.6536418
10978,3,125544,915744965.362933
10978,3,126018,931222574.9211506
10978,3,126113,950964872.9257382
10978,3,127181,919771433.5449483
10978,3,127223,936658604.9076129
10978,3,127408,922130590.5421107
10978,3,127478,872894371.0157561
10978,3,127516,914881274.7304924
10978,3,127560,921349826.9350178
10978,3,127643,929218115.6011404
10978,3,127701,923745668.413695
10979,1,101465,956135342.4185464
10979,1,103309,926083501.6494254
10979,1,103600,956075112.6350706
10979,1,104161,954888991.6399193
10979,1,106326,956415688.0126178
10979,1,107445,957805789.5749251
10979,1,108495,903852073.2329731
10979,1,109577,960512415.9145285
10979,1,111659,954682809.3035024
10979,1,111772,956538436.8812704
10979,1,111805,956154172.0074186
10979,1,111881,954212081.3349891
10979,1,112024,957302159.1279192
10979,1,112167,953668169.341753
10979,1,112413,956058704.3031318
10979,1,112655,895897836.0946487
10979,1,112705,954266541.6067286
10979,1,113008,925474144.5521823
10979,1,114156,955907261.4343193
10979,1,114171,964584966.4091617
10979,1,114516,952585850.3280617
10979,1,114685,943578990.0415959
10979,1,115250,957358921.2023542
10979,1,115375,957243047.1643944
10979,1,115725,957987335.2892118
10979,1,115866,957658044.8437293
10979,1,116407,958975111.2996999
10979,1,117502,956377822.3644881
10979,1,117580,955237234.1911155
10979,1,118419,957213266.046591
10979,1,118777,957482176.3784652
10979,1,118868,957480895.4465915
10979,1,119005,942587110.1324946
10979,1,119026,947880155.2465453
10979,1,119084,946612680.6004958
10979,1,119188,955980021.8939327
10979,1,119767,946781500.949167
10979,1,119839,957253984.8906909
10979,1,119983,955172021.8499923
10979,1,120609,955768171.9660046
10979,1,121041,958569052.2692177
10979,1,121225,956536033.0999885
10979,1,123156,956960832.6033663
10979,1,123401,958766977.9073949
10979,1,123622,956478333.2639084
10979,1,124733,952139695.3766539
10979,1,125016,957173638.0823468
10979,1,125544,921984338.5998304
10979,1,126018,956998507.3481462
10979,1,126113,957508653.9367254
10979,1,126809,955245243.7040013
10979,1,126896,957998718.0393722
10979,1,127120,957739659.3992332
10979,1,127408,957279295.3938516
10979,1,127441,956894301.484252
10979,1,127516,954214375.4789506
10979,1,127560,852662235.6219066
10979,1,127587,929187915.7529205
10979,1,127638,945951908.283773
10979,1,127643,951556851.4505496
10979,2,101465,950469146.582334
10979,2,103309,926083501.6494254
10979,2,103600,956386888.9613851
10979,2,104161,957564426.9416921
10979,2,107445,957805789.5749251
10979,2,108495,903852073.2329731
10979,2,109577,960512415.9145285
10979,2,111659,955859628.8800781
10979,2,111772,953814353.88837
10979,2,111805,954837268.2617859
10979,2,111881,954212081.3349891
10979,2,112024,957302159.1279192
10979,2,112655,895897836.0946487
10979,2,112705,935548033.6062039
10979,2,114156,955780517.2531887
10979,2,114171,964584966.4091617
10979,2,114516,955433827.1065195
10979,2,114685,943578990.0415959
10979,2,115250,957358921.2023542
10979,2,115375,951728246.7352701
10979,2,115725,956510805.6651564
10979,2,115866,957658044.8437293
10979,2,116407,958975111.2996999
10979,2,117502,958409339.2145759
10979,2,117580,958634496.7364517
10979,2,118777,953614149.4519099
10979,2,118868,947227997.4890642
10979,2,119005,942587110.1324946
10979,2,119026,950913588.546684
10979,2,119084,946612680.6004958
10979,2,119188,954446003.6954664
10979,2,119767,946781500.949167
10979,2,120609,956118346.279388
10979,2,121041,956753371.5552466
10979,2,121225,956536033.0999885
10979,2,123401,957684593.582761
10979,2,123622,957922351.0023154
10979,2,124733,952139695.3766539
10979,2,125544,921984338.5998304
10979,2,126018,957668698.6990341
10979,2,126113,957508653.9367254
10979,2,126809,959839913.3110087
10979,2,126896,958147512.4812169
10979,2,127120,957943626.9833387
10979,2,127408,957279295.3938516
10979,2,127441,958481767.7522256
10979,2,127516,954214375.4789506
10979,2,127560,852662235.6219066
10979,2,127587,929187915.7529205
10979,2,127638,945951908.283773
10979,2,127643,951556851.4505496
10979,3,101465,929710067.6293962
10979,3,103309,926083501.6494254
10979,3,104161,959219767.8551941
10979,3,108495,903852073.2329731
10979,3,109577,960512415.9145285
10979,3,111659,955970684.1080536
10979,3,111772,956960778.6559001
10979,3,112024,957302159.1279192
10979,3,112655,895897836.0946487
10979,3,112705,935548033.6062039
10979,3,114156,949707574.7517576
10979,3,114171,964584966.4091617
10979,3,114516,955433827.1065195
10979,3,114685,943578990.0415959
10979,3,115250,958324996.4466426
10979,3,115375,936959066.7245967
10979,3,115725,958237575.104351
10979,3,115866,957658044.8437293
10979,3,116407,958975111.2996999
10979,3,117502,958409339.2145759
10979,3,117580,958634496.7364517
10979,3,118777,944751930.6080132
10979,3,118868,947227997.4890642
10979,3,119005,942587110.1324946
10979,3,119026,943201939.3069373
10979,3,119084,590876609.55804
10979,3,119188,954446003.6954664
10979,3,119767,946781500.949167
10979,3,121041,941109944.071178
10979,3,121225,956536033.0999885
10979,3,123401,957684593.582761
10979,3,123622,957922351.0023154
10979,3,124733,952139695.3766539
10979,3,125544,921984338.5998304
10979,3,126018,958839373.7988952
10979,3,126113,957508653.9367254
10979,3,126809,959839913.3110087
10979,3,126896,959091277.1021214
10979,3,127120,949870646.9985297
10979,3,127441,958481767.7522256
10979,3,127516,954214375.4789506
10979,3,127560,852662235.6219066
10979,3,127587,929187915.7529205
10979,3,127638,945951908.283773
10981,1,101465,197693.69940872942
10981,1,103777,181900.73824425408
10981,1,105822,243116.8363179813
10981,1,105936,451547.0550272279
10981,1,106326,157067.10139984603
10981,1,107445,212871.4376426067
10981,1,108495,308706.3885454167
10981,1,109158,200501.155558778
10981,1,109233,240190.59400088157
10981,1,109577,410412.5590653035
10981,1,110540,177547.8439859802
10981,1,111327,410377.64865988144
10981,1,111659,183451.2687977963
10981,1,111772,170005.20157647508
10981,1,111848,147017.2732232088
10981,1,111881,141854.7829163037
10981,1,112024,163492.0326358196
10981,1,112167,142817.007356342
10981,1,112413,148013.01998579942
10981,1,112655,125181.06388975057
10981,1,112705,179296.18208085498
10981,1,113008,139065.42069317575
10981,1,113075,231002.344078973
10981,1,114156,157383.0465730152
10981,1,114171,292955.1896709714
10981,1,114516,166035.18142354305
10981,1,114685,247508.44343525532
10981,1,115191,237867.66515849243
10981,1,115250,267957.07389065577
10981,1,115375,212407.02845729908
10981,1,115725,162551.5553057018
10981,1,115866,250392.23183908273
10981,1,116015,187831.98284714515
10981,1,116132,159012.95515345613
10981,1,117502,179695.94137386206
10981,1,117635,413069.94997320394
10981,1,117719,181055.3524130644
10981,1,118050,184359.5617566521
10981,1,118419,189606.7256578669
10981,1,118777,170902.37651838333
10981,1,118868,295299.4055416919
10981,1,119005,252248.17966454476
10981,1,119026,153467.4519477724
10981,1,119056,222714.09965238115
10981,1,119188,220889.42635076065
10981,1,119767,24471.25616945986
10981,1,119983,173197.38855053976
10981,1,120257,209577.9451715649
10981,1,120344,180816.7103794108
10981,1,120576,176879.16714546486
10981,1,120609,158753.84586128025
10981,1,121041,143013.4409431114
10981,1,121225,225915.99885930363
10981,1,121431,168123.88697546
10981,1,122416,167579.26723314225
10981,1,122585,160172.58709887817
10981,1,123042,492495.00780787045
10981,1,123156,191920.58919295808
10981,1,123257,379714.8915416408
10981,1,123401,195726.7676775827
10981,1,123474,157330.66735759474
10981,1,123622,197645.42201957735
10981,1,124241,280001.5810021192
10981,1,124371,254493.92602265364
10981,1,124378,274032.0435892865
10981,1,124733,235989.20764982357
10981,1,124967,231670.43742243983
10981,1,125016,171859.7832258508
10981,1,125097,248997.2222177464
10981,1,125544,426778.15544870094
10981,1,126018,216850.91493728853
10981,1,126657,228427.79957795588
10981,1,126809,174375.41575897366
10981,1,126815,272214.2582695534
10981,1,127097,241457.1129493433
10981,1,127147,297424.7025181503
10981,1,127371,199041.4268507743
10981,1,127372,213497.70463091572
10981,1,127408,244957.5188449281
10981,1,127441,174225.51068632567
10981,1,127494,290366.54310006084
10981,1,127516,132332.37731879868
10981,1,127560,296658.8962848683
10981,1,127643,255005.6370592833
10981,1,127891,233797.02790228842
10981,1,127957,118628.23264321749
10981,1,128147,199062.34394666692
10981,2,101465,196064.3456052847
10981,2,105822,243116.8363179813
10981,2,105936,451547.0550272279
10981,2,107445,212871.4376426067
10981,2,108495,308706.3885454167
10981,2,109158,200501.155558778
10981,2,109233,240190.59400088157
10981,2,109577,410412.5590653035
10981,2,110540,177547.8439859802
10981,2,111327,410377.64865988144
10981,2,111659,190795.4638315428
10981,2,111772,206131.40684820426
10981,2,111848,147017.2732232088
10981,2,111881,205055.81472855748
10981,2,112024,233578.94962229606
10981,2,112167,230137.5894327375
10981,2,112655,125181.06388975057
10981,2,112705,180333.15974855807
10981,2,113075,231002.344078973
10981,2,114156,182994.21560631297
10981,2,114171,292955.1896709714
10981,2,114516,221582.05613776774
10981,2,114685,247508.44343525532
10981,2,115191,237867.66515849243
10981,2,115250,246155.6692733811
10981,2,115375,212407.02845729908
10981,2,115725,171340.012704194
10981,2,115866,250392.23183908273
10981,2,116015,187831.98284714515
10981,2,116132,153104.55387609405
10981,2,117502,220038.70253480578
10981,2,117635,413069.94997320394
10981,2,117719,181055.3524130644
10981,2,118777,163716.79119323578
10981,2,118868,295299.4055416919
10981,2,119005,252248.17966454476
10981,2,119026,153467.4519477724
10981,2,119056,222714.09965238115
10981,2,119188,206286.51248798383
10981,2,119767,24471.25616945986
10981,2,120257,216322.32628310128
10981,2,120344,208323.02157360167
10981,2,120609,179931.36850268536
10981,2,121041,121790.52122609757
10981,2,121225,225915.99885930363
10981,2,121431,209882.03521772032
10981,2,122416,167579.26723314225
10981,2,122585,160172.58709887817
10981,2,123042,492495.00780787045
10981,2,123257,379714.8915416408
10981,2,123401,191085.89236522806
10981,2,123622,216223.3827206351
10981,2,124241,280001.5810021192
10981,2,124371,254493.92602265364
10981,2,124378,274032.0435892865
10981,2,124733,235989.20764982357
10981,2,124967,231670.43742243983
10981,2,125097,248997.2222177464
10981,2,125544,426778.15544870094
10981,2,126018,268140.0955668421
10981,2,126657,228427.79957795588
10981,2,126809,174375.41575897366
10981,2,126815,272214.2582695534
10981,2,127097,241457.1129493433
10981,2,127147,297424.7025181503
10981,2,127371,199041.4268507743
10981,2,127372,213497.70463091572
10981,2,127408,244957.5188449281
10981,2,127494,290366.54310006084
10981,2,127516,132332.37731879868
10981,2,127560,296658.8962848683
10981,2,127643,133557.95109629884
10981,2,127891,233797.02790228842
10981,2,127957,118628.23264321749
10981,3,101465,189883.7194474779
10981,3,105822,243116.8363179813
10981,3,105936,451547.0550272279
10981,3,108495,308706.3885454167
10981,3,109158,200501.155558778
10981,3,109233,240190.59400088157
10981,3,109577,410412.5590653035
10981,3,110540,177547.8439859802
10981,3,111327,410377.64865988144
10981,3,111659,192581.48363170304
10981,3,111772,242508.45971228994
10981,3,111848,147017.2732232088
10981,3,112024,233578.94962229606
10981,3,112167,230137.5894327375
10981,3,112655,125181.06388975057
10981,3,112705,241793.1584387383
10981,3,113075,231002.344078973
10981,3,114156,161637.07486632903
10981,3,114171,292955.1896709714
10981,3,114516,221582.05613776774
10981,3,114685,247508.44343525532
10981,3,115191,237867.66515849243
10981,3,115250,398036.0388371537
10981,3,115375,264516.2034270532
10981,3,115725,209425.64960079978
10981,3,115866,250392.23183908273
10981,3,116015,187831.98284714515
10981,3,116132,162559.86885259635
10981,3,117502,240244.63280120093
10981,3,117635,413069.94997320394
10981,3,117719,181055.3524130644
10981,3,118868,295299.4055416919
10981,3,119005,252248.17966454476
10981,3,119026,159746.1000611612
10981,3,119056,301033.6468382666
10981,3,119188,180279.13878830994
10981,3,119767,24471.25616945986
10981,3,120257,216322.32628310128
10981,3,120344,229362.62137342425
10981,3,120609,179931.36850268536
10981,3,121041,121790.52122609757
10981,3,121225,225915.99885930363
10981,3,121431,200856.02464609378
10981,3,122416,167579.26723314225
10981,3,123042,492495.00780787045
10981,3,123257,379714.8915416408
10981,3,123401,191085.89236522806
10981,3,123622,225562.35331435988
10981,3,124241,280001.5810021192
10981,3,124371,254493.92602265364
10981,3,124378,274032.0435892865
10981,3,124733,235989.20764982357
10981,3,124967,334006.2218145145
10981,3,125097,248997.2222177464
10981,3,125544,426778.15544870094
10981,3,126018,308773.1290767373
10981,3,126657,228427.79957795588
10981,3,126809,174375.41575897366
10981,3,126815,272214.2582695534
10981,3,127097,241457.1129493433
10981,3,127147,297424.7025181503
10981,3,127371,263451.74980363075
10981,3,127372,213497.70463091572
10981,3,127408,244957.5188449281
10981,3,127494,290366.54310006084
10981,3,127516,132332.37731879868
10981,3,127560,296658.8962848683
10981,3,127643,133557.95109629884
10981,3,127891,233797.02790228842
11039,1,101465,184177028.47564027
11039,1,103777,187244453.41875893
11039,1,106326,187310674.70770013
11039,1,107445,188659803.04960844
11039,1,108495,187712511.27133033
11039,1,111659,187266415.96682546
11039,1,111772,186082705.3185231
11039,1,111805,187944431.19574127
11039,1,111881,188399053.61083812
11039,1,112167,186542866.1231408
11039,1,112326,190312491.3870647
11039,1,112655,182299495.5996232
11039,1,112705,186019658.382886
11039,1,114156,186698415.10931146
11039,1,114171,204298915.59248933
11039,1,114685,187873708.72769368
11039,1,115250,186995843.18453074
11039,1,115375,189169716.21859336
11039,1,115866,187021169.09126133
11039,1,116132,185378182.93858525
11039,1,117580,188537011.7648044
11039,1,118419,187826982.88663176
11039,1,118777,185962625.4971447
11039,1,119005,187284721.09830505
11039,1,119026,182152181.38550383
11039,1,119084,99913227.91215526
11039,1,119188,188507742.6421424
11039,1,119767,188012013.11622623
11039,1,119839,189268828.67535377
11039,1,119876,192249155.13636848
11039,1,119983,187638467.8989314
11039,1,120609,187715170.05646965
11039,1,121041,188279925.6678476
11039,1,121225,189663497.83749986
11039,1,121431,187711691.49594516
11039,1,122687,188604605.5223575
11039,1,123156,188016147.6829767
11039,1,123401,188276579.42561862
11039,1,123622,186991429.68132657
11039,1,124733,185887655.88991708
11039,1,125016,188782303.18505746
11039,1,126018,188660601.66565007
11039,1,126809,191522591.39424938
11039,1,127097,190265274.8363972
11039,1,127181,191427065.2149038
11039,1,127516,186844941.24107498
11039,1,127560,177408512.38037142
11039,1,127643,187867290.94024116
11039,1,127701,189996058.5783645
11039,2,101465,185087575.29440755
11039,2,103777,187244453.41875893
11039,2,107445,188659803.04960844
11039,2,108495,187712511.27133033
11039,2,111659,185726233.1397864
11039,2,111772,186082705.3185231
11039,2,111805,187944431.19574127
11039,2,111881,188399053.61083812
11039,2,112326,190312491.3870647
11039,2,112655,182299495.5996232
11039,2,112705,184842974.85241073
11039,2,114156,186130081.28922713
11039,2,114171,204298915.59248933
11039,2,114685,187873708.72769368
11039,2,115250,186995843.18453074
11039,2,115375,189169716.21859336
11039,2,115866,187021169.09126133
11039,2,116132,185378182.93858525
11039,2,117580,188783356.55650744
11039,2,118777,186504955.0676219
11039,2,119005,187284721.09830505
11039,2,119026,182152181.38550383
11039,2,119084,99913227.91215526
11039,2,119188,188478724.83065754
11039,2,119767,188012013.11622623
11039,2,119839,189268828.67535377
11039,2,119876,192249155.13636848
11039,2,121225,189663497.83749986
11039,2,121431,187806316.89726692
11039,2,122687,188604605.5223575
11039,2,123401,187084121.62792477
11039,2,123622,187468724.67818275
11039,2,124733,185887655.88991708
11039,2,126018,188825138.9346315
11039,2,126809,191522591.39424938
11039,2,127097,190265274.8363972
11039,2,127181,191427065.2149038
11039,2,127516,186844941.24107498
11039,2,127560,177408512.38037142
11039,2,127701,189996058.5783645
11039,3,101465,183253584.61184084
11039,3,108495,187712511.27133033
11039,3,111659,187761075.54483545
11039,3,111772,185590289.2797155
11039,3,112326,190312491.3870647
11039,3,112655,182299495.5996232
11039,3,114171,204298915.59248933
11039,3,114685,187873708.72769368
11039,3,115250,186995843.18453074
11039,3,115375,189502587.69536844
11039,3,115866,187021169.09126133
11039,3,116132,164114901.11040506
11039,3,117580,188783356.55650744
11039,3,119005,187284721.09830505
11039,3,119026,175175756.83740944
11039,3,119084,99913227.91215526
11039,3,119188,186353198.37179908
11039,3,119767,188012013.11622623
11039,3,119839,189268828.67535377
11039,3,119876,192249155.13636848
11039,3,121225,189663497.83749986
11039,3,121431,187511408.96224827
11039,3,122687,162846765.15315646
11039,3,123401,187084121.62792477
11039,3,123622,187468724.67818275
11039,3,124733,185887655.88991708
11039,3,126018,189597815.92198843
11039,3,126809,191522591.39424938
11039,3,127097,190265274.8363972
11039,3,127181,191427065.2149038
11039,3,127516,186844941.24107498
11039,3,127560,177408512.38037142
11039,3,127701,189996058.5783645
10975,1,0,1102617.28686528
10975,2,0,1099947.9135009847
10975,3,0,1096976.7118286528
10978,1,0,909393927.2952644
10978,2,0,912998470.1002123
10978,3,0,912334637.2081169
10979,1,0,948998277.2970597
10979,2,0,947751481.5173378
10979,3,0,935597913.6815077
10981,1,0,197394.13546955347
10981,2,0,211599.9872518835
10981,3,0,224679.04202974396
11039,1,0,184918496.91215533
11039,2,0,184302062.8996026
11039,3,0,181913405.8199844
