question_id,user_id,time,void,question_type,resolution,resolve_time,close_time,binary_prediction
10977,127599,2022-07-04T10:07:56Z,False,binary,1.0,2022-07-23 14:11:00+00:00,2022-12-31 17:00:00+00:00,0.55
10977,128460,2022-06-29T19:07:31Z,False,binary,1.0,2022-07-23 14:11:00+00:00,2022-12-31 17:00:00+00:00,0.27
10977,112197,2022-06-25T13:19:19Z,False,binary,1.0,2022-07-23 14:11:00+00:00,2022-12-31 17:00:00+00:00,0.6
10977,112197,2022-07-04T18:48:57Z,False,binary,1.0,2022-07-23 14:11:00+00:00,2022-12-31 17:00:00+00:00,0.5
10977,123156,2022-06-23T19:14:41Z,False,binary,1.0,2022-07-23 14:11:00+00:00,2022-12-31 17:00:00+00:00,0.51
10977,109749,2022-06-23T12:14:14Z,False,binary,1.0,2022-07-23 14:11:00+00:00,2022-12-31 17:00:00+00:00,0.6
10977,109749,2022-06-23T13:29:51Z,False,binary,1.0,2022-07-23 14:11:00+00:00,2022-12-31 17:00:00+00:00,0.57
10977,109749,2022-06-26T21:35:43Z,False,binary,1.0,2022-07-23 14:11:00+00:00,2022-12-31 17:00:00+00:00,0.3
10977,112639,2022-06-23T05:31:35Z,False,binary,1.0,2022-07-23 14:11:00+00:00,2022-12-31 17:00:00+00:00,0.6
10977,112639,2022-06-23T05:31:48Z,False,binary,1.0,2022-07-23 14:11:00+00:00,2022-12-31 17:00:00+00:00,0.7
10977,128009,2022-06-23T04:44:42Z,False,binary,1.0,2022-07-23 14:11:00+00:00,2022-12-31 17:00:00+00:00,0.25
10977,123802,2022-06-17T16:32:23Z,False,binary,1.0,2022-07-23 14:11:00+00:00,2022-12-31 17:00:00+00:00,0.2
10977,127858,2022-06-17T12:22:15Z,False,binary,1.0,2022-07-23 14:11:00+00:00,2022-12-31 17:00:00+00:00,0.1
10977,115980,2022-06-15T14:09:28Z,False,binary,1.0,2022-07-23 14:11:00+00:00,2022-12-31 17:00:00+00:00,0.25
10977,115980,2022-06-16T03:40:37Z,False,binary,1.0,2022-07-23 14:11:00+00:00,2022-12-31 17:00:00+00:00,0.3
10977,115980,2022-06-16T03:49:48Z,False,binary,1.0,2022-07-23 14:11:00+00:00,2022-12-31 17:00:00+00:00,0.29
10977,115980,2022-06-16T03:59:47Z,False,binary,1.0,2022-07-23 14:11:00+00:00,2022-12-31 17:00:00+00:00,0.34
10977,115980,2022-06-16T10:24:55Z,False,binary,1.0,2022-07-23 14:11:00+00:00,2022-12-31 17:00:00+00:00,0.32
10977,115980,2022-06-16T12:54:50Z,False,binary,1.0,2022-07-23 14:11:00+00:00,2022-12-31 17:00:00+00:00,0.33
10977,115980,2022-06-17T00:23:35Z,False,binary,1.0,2022-07-23 14:11:00+00:00,2022-12-31 17:00:00+00:00,0.32
10977,115980,2022-06-17T10:38:43Z,False,binary,1.0,2022-07-23 14:11:00+00:00,2022-12-31 17:00:00+00:00,0.3
10977,115980,2022-06-17T23:30:25Z,False,binary,1.0,2022-07-23 14:11:00+00:00,2022-12-31 17:00:00+00:00,0.29
10977,115980,2022-06-18T11:44:21Z,False,binary,1.0,2022-07-23 14:11:00+00:00,2022-12-31 17:00:00+00:00,0.32
10977,115980,2022-06-19T12:29:36Z,False,binary,1.0,2022-07-23 14:11:00+00:00,2022-12-31 17:00:00+00:00,0.48
10977,115980,2022-06-22T12:57:23Z,False,binary,1.0,2022-07-23 14:11:00+00:00,2022-12-31 17:00:00+00:00,0.3
10977,115980,2022-06-22T22:40:53Z,False,binary,1.0,2022-07-23 14:11:00+00:00,2022-12-31 17:00:00+00:00,0.5
10977,115980,2022-06-22T22:46:35Z,False,binary,1.0,2022-07-23 14:11:00+00:00,2022-12-31 17:00:00+00:00,0.4
10977,115980,2022-06-22T23:44:33Z,False,binary,1.0,2022-07-23 14:11:00+00:00,2022-12-31 17:00:00+00:00,0.43
10977,115980,2022-06-22T23:58:08Z,False,binary,1.0,2022-07-23 14:11:00+00:00,2022-12-31 17:00:00+00:00,0.5
10977,115980,2022-06-23T10:05:28Z,False,binary,1.0,2022-07-23 14:11:00+00:00,2022-12-31 17:00:00+00:00,0.52
10977,115980,2022-06-24T10:43:32Z,False,binary,1.0,2022-07-23 14:11:00+00:00,2022-12-31 17:00:00+00:00,0.54
10977,115980,2022-06-28T11:19:28Z,False,binary,1.0,2022-07-23 14:11:00+00:00,2022-12-31 17:00:00+00:00,0.35
10977,115980,2022-06-28T23:16:39Z,False,binary,1.0,2022-07-23 14:11:00+00:00,2022-12-31 17:00:00+00:00,0.31
10977,115980,2022-07-02T00:58:01Z,False,binary,1.0,2022-07-23 14:11:00+00:00,2022-12-31 17:00:00+00:00,0.35
10977,115980,2022-07-05T00:23:28Z,False,binary,1.0,2022-07-23 14:11:00+00:00,2022-12-31 17:00:00+00:00,0.4
10977,115980,2022-07-05T00:23:44Z,False,binary,1.0,2022-07-23 14:11:00+00:00,2022-12-31 17:00:00+00:00,0.45
10977,115980,2022-07-05T23:02:12Z,False,binary,1.0,2022-07-23 14:11:00+00:00,2022-12-31 17:00:00+00:00,0.46
10977,115980,2022-07-06T01:18:01Z,False,binary,1.0,2022-07-23 14:11:00+00:00,2022-12-31 17:00:00+00:00,0.47
10977,115980,2022-07-08T00:31:14Z,False,binary,1.0,2022-07-23 14:11:00+00:00,2022-12-31 17:00:00+00:00,0.45
10977,115980,2022-07-08T21:01:19Z,False,binary,1.0,2022-07-23 14:11:00+00:00,2022-12-31 17:00:00+00:00,0.46
10977,115980,2022-07-09T22:37:06Z,False,binary,1.0,2022-07-23 14:11:00+00:00,2022-12-31 17:00:00+00:00,0.51
10977,115980,2022-07-11T12:09:30Z,False,binary,1.0,2022-07-23 14:11:00+00:00,2022-12-31 17:00:00+00:00,0.5
10977,115980,2022-07-14T19:45:42Z,False,binary,1.0,2022-07-23 14:11:00+00:00,2022-12-31 17:00:00+00:00,0.51
10977,115980,2022-07-15T19:50:05Z,False,binary,1.0,2022-07-23 14:11:00+00:00,2022-12-31 17:00:00+00:00,0.52
10977,115980,2022-07-15T21:20:26Z,False,binary,1.0,2022-07-23 14:11:00+00:00,2022-12-31 17:00:00+00:00,0.5
10977,115980,2022-07-21T13:59:36Z,False,binary,1.0,2022-07-23 14:11:00+00:00,2022-12-31 17:00:00+00:00,0.49
10977,115980,2022-07-23T11:48:39Z,False,binary,1.0,2022-07-23 14:11:00+00:00,2022-12-31 17:00:00+00:00,0.53
10977,111498,2022-06-15T08:27:35Z,False,binary,1.0,2022-07-23 14:11:00+00:00,2022-12-31 17:00:00+00:00,0.18
10977,111498,2022-06-16T13:46:04Z,False,binary,1.0,2022-07-23 14:11:00+00:00,2022-12-31 17:00:00+00:00,0.26
10977,111498,2022-06-26T08:32:34Z,False,binary,1.0,2022-07-23 14:11:00+00:00,2022-12-31 17:00:00+00:00,0.01
10977,118777,2022-06-10T21:30:34Z,False,binary,1.0,2022-07-23 14:11:00+00:00,2022-12-31 17:00:00+00:00,0.17
10977,118777,2022-06-14T14:55:37Z,False,binary,1.0,2022-07-23 14:11:00+00:00,2022-12-31 17:00:00+00:00,0.22
10977,118777,2022-06-20T14:05:53Z,False,binary,1.0,2022-07-23 14:11:00+00:00,2022-12-31 17:00:00+00:00,0.23
10977,118777,2022-06-20T14:08:08Z,False,binary,1.0,2022-07-23 14:11:00+00:00,2022-12-31 17:00:00+00:00,0.25
10977,118777,2022-06-23T00:37:02Z,False,binary,1.0,2022-07-23 14:11:00+00:00,2022-12-31 17:00:00+00:00,0.75
10977,118777,2022-06-23T00:39:20Z,False,binary,1.0,2022-07-23 14:11:00+00:00,2022-12-31 17:00:00+00:00,0.85
10977,118777,2022-06-25T19:55:35Z,False,binary,1.0,2022-07-23 14:11:00+00:00,2022-12-31 17:00:00+00:00,0.95
10977,118777,2022-06-25T19:56:26Z,False,binary,1.0,2022-07-23 14:11:00+00:00,2022-12-31 17:00:00+00:00,0.96
10977,118777,2022-06-25T22:41:35Z,False,binary,1.0,2022-07-23 14:11:00+00:00,2022-12-31 17:00:00+00:00,0.22
10977,118777,2022-06-26T17:11:51Z,False,binary,1.0,2022-07-23 14:11:00+00:00,2022-12-31 17:00:00+00:00,0.15
10977,118777,2022-06-28T01:46:38Z,False,binary,1.0,2022-07-23 14:11:00+00:00,2022-12-31 17:00:00+00:00,0.1
10977,118777,2022-06-28T01:46:52Z,False,binary,1.0,2022-07-23 14:11:00+00:00,2022-12-31 17:00:00+00:00,0.07
10977,118777,2022-07-01T00:11:57Z,False,binary,1.0,2022-07-23 14:11:00+00:00,2022-12-31 17:00:00+00:00,0.1
10977,118777,2022-07-01T00:12:01Z,False,binary,1.0,2022-07-23 14:11:00+00:00,2022-12-31 17:00:00+00:00,0.12
10977,118777,2022-07-02T13:14:32Z,False,binary,1.0,2022-07-23 14:11:00+00:00,2022-12-31 17:00:00+00:00,0.44
10977,118777,2022-07-02T13:48:59Z,False,binary,1.0,2022-07-23 14:11:00+00:00,2022-12-31 17:00:00+00:00,0.6
10977,118777,2022-07-14T17:05:16Z,False,binary,1.0,2022-07-23 14:11:00+00:00,2022-12-31 17:00:00+00:00,0.8
10977,118777,2022-07-22T01:44:49Z,False,binary,1.0,2022-07-23 14:11:00+00:00,2022-12-31 17:00:00+00:00,0.95
10977,118777,2022-07-23T14:59:04Z,False,binary,1.0,2022-07-23 14:11:00+00:00,2022-12-31 17:00:00+00:00,0.99
10977,126018,2022-06-08T14:02:29Z,False,binary,1.0,2022-07-23 14:11:00+00:00,2022-12-31 17:00:00+00:00,0.19
10977,127769,2022-06-05T15:04:59Z,False,binary,1.0,2022-07-23 14:11:00+00:00,2022-12-31 17:00:00+00:00,0.49
10977,109384,2022-06-02T09:24:26Z,False,binary,1.0,2022-07-23 14:11:00+00:00,2022-12-31 17:00:00+00:00,0.37
10977,127408,2022-05-31T20:49:43Z,False,binary,1.0,2022-07-23 14:11:00+00:00,2022-12-31 17:00:00+00:00,0.15
10977,127408,2022-06-16T19:36:53Z,False,binary,1.0,2022-07-23 14:11:00+00:00,2022-12-31 17:00:00+00:00,0.2
10977,114156,2022-05-31T16:42:43Z,False,binary,1.0,2022-07-23 14:11:00+00:00,2022-12-31 17:00:00+00:00,0.28
10977,114156,2022-06-16T13:22:40Z,False,binary,1.0,2022-07-23 14:11:00+00:00,2022-12-31 17:00:00+00:00,0.36
10977,114156,2022-06-27T15:46:32Z,False,binary,1.0,2022-07-23 14:11:00+00:00,2022-12-31 17:00:00+00:00,0.42
10977,120641,2022-05-30T16:51:46Z,False,binary,1.0,2022-07-23 14:11:00+00:00,2022-12-31 17:00:00+00:00,0.25
10977,124733,2022-05-27T21:31:07Z,False,binary,1.0,2022-07-23 14:11:00+00:00,2022-12-31 17:00:00+00:00,0.44
10977,127516,2022-05-25T04:49:37Z,False,binary,1.0,2022-07-23 14:11:00+00:00,2022-12-31 17:00:00+00:00,0.15
10977,123257,2022-05-23T21:55:54Z,False,binary,1.0,2022-07-23 14:11:00+00:00,2022-12-31 17:00:00+00:00,0.53
10977,124884,2022-05-23T17:53:15Z,False,binary,1.0,2022-07-23 14:11:00+00:00,2022-12-31 17:00:00+00:00,0.55
10977,124884,2022-05-23T17:54:43Z,False,binary,1.0,2022-07-23 14:11:00+00:00,2022-12-31 17:00:00+00:00,0.25
10977,124884,2022-05-23T17:56:23Z,False,binary,1.0,2022-07-23 14:11:00+00:00,2022-12-31 17:00:00+00:00,0.2
10977,124884,2022-05-23T18:07:08Z,False,binary,1.0,2022-07-23 14:11:00+00:00,2022-12-31 17:00:00+00:00,0.35
10977,124884,2022-05-23T20:26:21Z,False,binary,1.0,2022-07-23 14:11:00+00:00,2022-12-31 17:00:00+00:00,0.2
10977,124884,2022-05-24T15:16:58Z,False,binary,1.0,2022-07-23 14:11:00+00:00,2022-12-31 17:00:00+00:00,0.15
10977,124884,2022-05-24T15:17:12Z,False,binary,1.0,2022-07-23 14:11:00+00:00,2022-12-31 17:00:00+00:00,0.2
10977,124884,2022-05-24T15:17:31Z,False,binary,1.0,2022-07-23 14:11:00+00:00,2022-12-31 17:00:00+00:00,0.15
10977,124884,2022-05-24T15:21:58Z,False,binary,1.0,2022-07-23 14:11:00+00:00,2022-12-31 17:00:00+00:00,0.2
10977,124884,2022-05-25T11:19:26Z,False,binary,1.0,2022-07-23 14:11:00+00:00,2022-12-31 17:00:00+00:00,0.15
10977,124884,2022-05-25T11:56:03Z,False,binary,1.0,2022-07-23 14:11:00+00:00,2022-12-31 17:00:00+00:00,0.18
10977,124884,2022-05-25T11:56:11Z,False,binary,1.0,2022-07-23 14:11:00+00:00,2022-12-31 17:00:00+00:00,0.2
10977,124884,2022-05-25T11:56:44Z,False,binary,1.0,2022-07-23 14:11:00+00:00,2022-12-31 17:00:00+00:00,0.15
10977,124884,2022-05-25T16:53:04Z,False,binary,1.0,2022-07-23 14:11:00+00:00,2022-12-31 17:00:00+00:00,0.1
10977,124884,2022-06-02T23:38:03Z,False,binary,1.0,2022-07-23 14:11:00+00:00,2022-12-31 17:00:00+00:00,0.15
10977,124884,2022-06-06T19:41:01Z,False,binary,1.0,2022-07-23 14:11:00+00:00,2022-12-31 17:00:00+00:00,0.35
10977,124884,2022-06-06T19:48:09Z,False,binary,1.0,2022-07-23 14:11:00+00:00,2022-12-31 17:00:00+00:00,0.3
10977,124884,2022-06-07T19:18:09Z,False,binary,1.0,2022-07-23 14:11:00+00:00,2022-12-31 17:00:00+00:00,0.25
10977,124884,2022-06-14T14:51:56Z,False,binary,1.0,2022-07-23 14:11:00+00:00,2022-12-31 17:00:00+00:00,0.65
10977,124884,2022-06-14T14:53:49Z,False,binary,1.0,2022-07-23 14:11:00+00:00,2022-12-31 17:00:00+00:00,0.75
10977,124884,2022-06-16T11:20:48Z,False,binary,1.0,2022-07-23 14:11:00+00:00,2022-12-31 17:00:00+00:00,0.77
10977,124884,2022-06-16T14:51:16Z,False,binary,1.0,2022-07-23 14:11:00+00:00,2022-12-31 17:00:00+00:00,0.8
10977,124884,2022-06-17T22:19:35Z,False,binary,1.0,2022-07-23 14:11:00+00:00,2022-12-31 17:00:00+00:00,0.85
10977,124884,2022-06-21T11:41:01Z,False,binary,1.0,2022-07-23 14:11:00+00:00,2022-12-31 17:00:00+00:00,0.9
10977,124884,2022-06-22T19:45:48Z,False,binary,1.0,2022-07-23 14:11:00+00:00,2022-12-31 17:00:00+00:00,0.95
10977,124884,2022-06-22T19:46:00Z,False,binary,1.0,2022-07-23 14:11:00+00:00,2022-12-31 17:00:00+00:00,0.9
10977,124884,2022-06-22T19:50:15Z,False,binary,1.0,2022-07-23 14:11:00+00:00,2022-12-31 17:00:00+00:00,0.92
10977,124884,2022-06-22T20:32:48Z,False,binary,1.0,2022-07-23 14:11:00+00:00,2022-12-31 17:00:00+00:00,0.95
10977,124884,2022-06-25T12:25:15Z,False,binary,1.0,2022-07-23 14:11:00+00:00,2022-12-31 17:00:00+00:00,0.9
10977,124884,2022-06-25T21:58:00Z,False,binary,1.0,2022-07-23 14:11:00+00:00,2022-12-31 17:00:00+00:00,0.5
10977,124884,2022-06-25T21:58:33Z,False,binary,1.0,2022-07-23 14:11:00+00:00,2022-12-31 17:00:00+00:00,0.6
10977,124884,2022-06-26T19:13:13Z,False,binary,1.0,2022-07-23 14:11:00+00:00,2022-12-31 17:00:00+00:00,0.55
10977,124884,2022-06-27T21:22:14Z,False,binary,1.0,2022-07-23 14:11:00+00:00,2022-12-31 17:00:00+00:00,0.05
10977,124884,2022-06-28T16:28:56Z,False,binary,1.0,2022-07-23 14:11:00+00:00,2022-12-31 17:00:00+00:00,0.15
10977,124884,2022-06-29T18:36:56Z,False,binary,1.0,2022-07-23 14:11:00+00:00,2022-12-31 17:00:00+00:00,0.13
10977,124884,2022-06-29T18:37:27Z,False,binary,1.0,2022-07-23 14:11:00+00:00,2022-12-31 17:00:00+00:00,0.14
10977,124884,2022-07-01T16:51:13Z,False,binary,1.0,2022-07-23 14:11:00+00:00,2022-12-31 17:00:00+00:00,0.8
10977,127467,2022-05-23T06:20:18Z,False,binary,1.0,2022-07-23 14:11:00+00:00,2022-12-31 17:00:00+00:00,0.99
10977,122221,2022-05-23T04:43:59Z,False,binary,1.0,2022-07-23 14:11:00+00:00,2022-12-31 17:00:00+00:00,0.13
10977,122221,2022-05-23T04:44:53Z,False,binary,1.0,2022-07-23 14:11:00+00:00,2022-12-31 17:00:00+00:00,0.07
10977,122221,2022-06-21T04:55:06Z,False,binary,1.0,2022-07-23 14:11:00+00:00,2022-12-31 17:00:00+00:00,0.17
10977,115680,2022-05-23T00:43:06Z,False,binary,1.0,2022-07-23 14:11:00+00:00,2022-12-31 17:00:00+00:00,0.19
10977,103777,2022-05-22T11:10:13Z,False,binary,1.0,2022-07-23 14:11:00+00:00,2022-12-31 17:00:00+00:00,0.67
10977,103777,2022-05-23T08:33:02Z,False,binary,1.0,2022-07-23 14:11:00+00:00,2022-12-31 17:00:00+00:00,0.25
10977,113862,2022-05-22T09:43:12Z,False,binary,1.0,2022-07-23 14:11:00+00:00,2022-12-31 17:00:00+00:00,0.25
10977,118050,2022-05-21T07:53:21Z,False,binary,1.0,2022-07-23 14:11:00+00:00,2022-12-31 17:00:00+00:00,0.65
10977,118050,2022-05-31T20:44:14Z,False,binary,1.0,2022-07-23 14:11:00+00:00,2022-12-31 17:00:00+00:00,0.34
10977,119624,2022-05-21T06:06:48Z,False,binary,1.0,2022-07-23 14:11:00+00:00,2022-12-31 17:00:00+00:00,0.25
10977,119624,2022-05-21T06:07:17Z,False,binary,1.0,2022-07-23 14:11:00+00:00,2022-12-31 17:00:00+00:00,0.55
10977,119624,2022-05-28T19:39:17Z,False,binary,1.0,2022-07-23 14:11:00+00:00,2022-12-31 17:00:00+00:00,0.25
10977,126462,2022-05-21T05:36:17Z,False,binary,1.0,2022-07-23 14:11:00+00:00,2022-12-31 17:00:00+00:00,0.57
10977,126462,2022-05-23T01:45:25Z,False,binary,1.0,2022-07-23 14:11:00+00:00,2022-12-31 17:00:00+00:00,0.37
10977,126462,2022-05-24T01:20:37Z,False,binary,1.0,2022-07-23 14:11:00+00:00,2022-12-31 17:00:00+00:00,0.22
10977,126462,2022-05-24T01:20:47Z,False,binary,1.0,2022-07-23 14:11:00+00:00,2022-12-31 17:00:00+00:00,0.22
10977,126462,2022-06-24T12:43:26Z,False,binary,1.0,2022-07-23 14:11:00+00:00,2022-12-31 17:00:00+00:00,0.44
10977,111805,2022-05-21T02:41:17Z,False,binary,1.0,2022-07-23 14:11:00+00:00,2022-12-31 17:00:00+00:00,0.8
10977,111805,2022-05-24T00:12:50Z,False,binary,1.0,2022-07-23 14:11:00+00:00,2022-12-31 17:00:00+00:00,0.3
10977,111805,2022-05-26T00:33:35Z,False,binary,1.0,2022-07-23 14:11:00+00:00,2022-12-31 17:00:00+00:00,0.25
10977,111805,2022-06-11T03:23:10Z,False,binary,1.0,2022-07-23 14:11:00+00:00,2022-12-31 17:00:00+00:00,0.28
10977,111805,2022-06-11T04:00:39Z,False,binary,1.0,2022-07-23 14:11:00+00:00,2022-12-31 17:00:00+00:00,0.29
10977,111805,2022-06-14T23:59:33Z,False,binary,1.0,2022-07-23 14:11:00+00:00,2022-12-31 17:00:00+00:00,0.32
10977,111805,2022-06-16T02:16:24Z,False,binary,1.0,2022-07-23 14:11:00+00:00,2022-12-31 17:00:00+00:00,0.33
10977,111805,2022-06-17T04:55:19Z,False,binary,1.0,2022-07-23 14:11:00+00:00,2022-12-31 17:00:00+00:00,0.35
10977,111805,2022-06-18T02:05:55Z,False,binary,1.0,2022-07-23 14:11:00+00:00,2022-12-31 17:00:00+00:00,0.34
10977,111805,2022-06-19T00:32:02Z,False,binary,1.0,2022-07-23 14:11:00+00:00,2022-12-31 17:00:00+00:00,0.35
10977,111805,2022-06-23T00:43:33Z,False,binary,1.0,2022-07-23 14:11:00+00:00,2022-12-31 17:00:00+00:00,0.38
10977,111805,2022-06-23T23:36:02Z,False,binary,1.0,2022-07-23 14:11:00+00:00,2022-12-31 17:00:00+00:00,0.47
10977,111805,2022-06-23T23:57:03Z,False,binary,1.0,2022-07-23 14:11:00+00:00,2022-12-31 17:00:00+00:00,0.46
10977,111805,2022-06-26T00:04:32Z,False,binary,1.0,2022-07-23 14:11:00+00:00,2022-12-31 17:00:00+00:00,0.44
10977,111805,2022-06-26T01:20:27Z,False,binary,1.0,2022-07-23 14:11:00+00:00,2022-12-31 17:00:00+00:00,0.42
10977,111805,2022-06-27T00:57:49Z,False,binary,1.0,2022-07-23 14:11:00+00:00,2022-12-31 17:00:00+00:00,0.4
10977,111805,2022-06-28T05:40:50Z,False,binary,1.0,2022-07-23 14:11:00+00:00,2022-12-31 17:00:00+00:00,0.38
10977,111805,2022-07-04T07:26:50Z,False,binary,1.0,2022-07-23 14:11:00+00:00,2022-12-31 17:00:00+00:00,0.41
10977,111805,2022-07-06T09:46:05Z,False,binary,1.0,2022-07-23 14:11:00+00:00,2022-12-31 17:00:00+00:00,0.42
10977,111805,2022-07-15T01:49:19Z,False,binary,1.0,2022-07-23 14:11:00+00:00,2022-12-31 17:00:00+00:00,0.51
10977,115097,2022-05-21T00:33:12Z,False,binary,1.0,2022-07-23 14:11:00+00:00,2022-12-31 17:00:00+00:00,0.25
10977,110516,2022-05-20T16:59:36Z,False,binary,1.0,2022-07-23 14:11:00+00:00,2022-12-31 17:00:00+00:00,0.34
10977,121122,2022-05-20T15:25:47Z,False,binary,1.0,2022-07-23 14:11:00+00:00,2022-12-31 17:00:00+00:00,0.35
10977,121122,2022-05-22T17:37:39Z,False,binary,1.0,2022-07-23 14:11:00+00:00,2022-12-31 17:00:00+00:00,0.45
10977,122283,2022-05-20T14:22:09Z,False,binary,1.0,2022-07-23 14:11:00+00:00,2022-12-31 17:00:00+00:00,0.61
10977,122283,2022-05-23T05:39:14Z,False,binary,1.0,2022-07-23 14:11:00+00:00,2022-12-31 17:00:00+00:00,0.3
10977,119188,2022-05-20T06:36:53Z,False,binary,1.0,2022-07-23 14:11:00+00:00,2022-12-31 17:00:00+00:00,0.82
10977,119188,2022-05-22T05:20:58Z,False,binary,1.0,2022-07-23 14:11:00+00:00,2022-12-31 17:00:00+00:00,0.76
10977,119188,2022-05-27T13:24:49Z,False,binary,1.0,2022-07-23 14:11:00+00:00,2022-12-31 17:00:00+00:00,0.33
10977,119188,2022-05-27T13:25:04Z,False,binary,1.0,2022-07-23 14:11:00+00:00,2022-12-31 17:00:00+00:00,0.37
10977,119188,2022-06-14T13:45:40Z,False,binary,1.0,2022-07-23 14:11:00+00:00,2022-12-31 17:00:00+00:00,0.34
10977,119188,2022-06-16T08:36:57Z,False,binary,1.0,2022-07-23 14:11:00+00:00,2022-12-31 17:00:00+00:00,0.45
10977,119188,2022-06-23T08:35:54Z,False,binary,1.0,2022-07-23 14:11:00+00:00,2022-12-31 17:00:00+00:00,0.61
10977,119188,2022-06-30T05:43:12Z,False,binary,1.0,2022-07-23 14:11:00+00:00,2022-12-31 17:00:00+00:00,0.49
10977,119188,2022-06-30T05:43:24Z,False,binary,1.0,2022-07-23 14:11:00+00:00,2022-12-31 17:00:00+00:00,0.55
10977,116888,2022-05-19T22:37:51Z,False,binary,1.0,2022-07-23 14:11:00+00:00,2022-12-31 17:00:00+00:00,0.83
10977,116888,2022-05-19T22:38:56Z,False,binary,1.0,2022-07-23 14:11:00+00:00,2022-12-31 17:00:00+00:00,0.87
10977,116888,2022-05-23T18:49:30Z,False,binary,1.0,2022-07-23 14:11:00+00:00,2022-12-31 17:00:00+00:00,0.3
10977,116888,2022-05-23T18:50:09Z,False,binary,1.0,2022-07-23 14:11:00+00:00,2022-12-31 17:00:00+00:00,0.1
10977,116888,2022-06-17T10:28:16Z,False,binary,1.0,2022-07-23 14:11:00+00:00,2022-12-31 17:00:00+00:00,0.39
10977,125544,2022-05-19T19:54:59Z,False,binary,1.0,2022-07-23 14:11:00+00:00,2022-12-31 17:00:00+00:00,0.4
10977,121041,2022-05-19T19:12:37Z,False,binary,1.0,2022-07-23 14:11:00+00:00,2022-12-31 17:00:00+00:00,0.85
10977,121041,2022-06-08T14:46:14Z,False,binary,1.0,2022-07-23 14:11:00+00:00,2022-12-31 17:00:00+00:00,0.5
10977,121041,2022-06-16T23:53:50Z,False,binary,1.0,2022-07-23 14:11:00+00:00,2022-12-31 17:00:00+00:00,0.8
10977,121041,2022-06-22T23:47:57Z,False,binary,1.0,2022-07-23 14:11:00+00:00,2022-12-31 17:00:00+00:00,0.85
10977,121041,2022-06-23T09:51:41Z,False,binary,1.0,2022-07-23 14:11:00+00:00,2022-12-31 17:00:00+00:00,0.9
10977,121041,2022-06-28T20:51:31Z,False,binary,1.0,2022-07-23 14:11:00+00:00,2022-12-31 17:00:00+00:00,0.4
10977,121041,2022-06-29T15:08:33Z,False,binary,1.0,2022-07-23 14:11:00+00:00,2022-12-31 17:00:00+00:00,0.6
10977,121041,2022-07-02T10:42:55Z,False,binary,1.0,2022-07-23 14:11:00+00:00,2022-12-31 17:00:00+00:00,0.8
10977,121041,2022-07-21T22:51:27Z,False,binary,1.0,2022-07-23 14:11:00+00:00,2022-12-31 17:00:00+00:00,0.9
10977,121041,2022-07-23T14:25:51Z,False,binary,1.0,2022-07-23 14:11:00+00:00,2022-12-31 17:00:00+00:00,0.99
10977,119767,2022-05-20T12:07:14Z,False,binary,1.0,2022-07-23 14:11:00+00:00,2022-12-31 17:00:00+00:00,0.95
10977,119767,2022-06-23T19:40:27Z,False,binary,1.0,2022-07-23 14:11:00+00:00,2022-12-31 17:00:00+00:00,0.54
10977,119767,2022-07-23T13:18:36Z,False,binary,1.0,2022-07-23 14:11:00+00:00,2022-12-31 17:00:00+00:00,0.91
10977,119767,2022-07-23T14:10:45Z,False,binary,1.0,2022-07-23 14:11:00+00:00,2022-12-31 17:00:00+00:00,0.8
10977,119767,2022-07-23T14:15:59Z,False,binary,1.0,2022-07-23 14:11:00+00:00,2022-12-31 17:00:00+00:00,0.99
10977,118677,2022-07-23T12:41:58Z,False,binary,1.0,2022-07-23 14:11:00+00:00,2022-12-31 17:00:00+00:00,0.7
10977,101465,2022-05-19T22:13:54Z,False,binary,1.0,2022-07-23 14:11:00+00:00,2022-12-31 17:00:00+00:00,0.55
10977,101465,2022-05-20T10:15:26Z,False,binary,1.0,2022-07-23 14:11:00+00:00,2022-12-31 17:00:00+00:00,0.7
10977,101465,2022-05-20T10:26:51Z,False,binary,1.0,2022-07-23 14:11:00+00:00,2022-12-31 17:00:00+00:00,0.75
10977,101465,2022-05-20T11:33:14Z,False,binary,1.0,2022-07-23 14:11:00+00:00,2022-12-31 17:00:00+00:00,0.78
10977,101465,2022-05-20T19:06:36Z,False,binary,1.0,2022-07-23 14:11:00+00:00,2022-12-31 17:00:00+00:00,0.74
10977,101465,2022-05-20T22:57:21Z,False,binary,1.0,2022-07-23 14:11:00+00:00,2022-12-31 17:00:00+00:00,0.72
10977,101465,2022-05-21T21:34:18Z,False,binary,1.0,2022-07-23 14:11:00+00:00,2022-12-31 17:00:00+00:00,0.66
10977,101465,2022-05-23T06:18:25Z,False,binary,1.0,2022-07-23 14:11:00+00:00,2022-12-31 17:00:00+00:00,0.5
10977,101465,2022-05-27T11:01:59Z,False,binary,1.0,2022-07-23 14:11:00+00:00,2022-12-31 17:00:00+00:00,0.4
10977,101465,2022-05-30T12:25:29Z,False,binary,1.0,2022-07-23 14:11:00+00:00,2022-12-31 17:00:00+00:00,0.25
10977,101465,2022-06-01T04:07:29Z,False,binary,1.0,2022-07-23 14:11:00+00:00,2022-12-31 17:00:00+00:00,0.27
10977,101465,2022-06-14T14:37:33Z,False,binary,1.0,2022-07-23 14:11:00+00:00,2022-12-31 17:00:00+00:00,0.5
10977,101465,2022-06-15T19:12:10Z,False,binary,1.0,2022-07-23 14:11:00+00:00,2022-12-31 17:00:00+00:00,0.66
10977,101465,2022-06-22T22:31:46Z,False,binary,1.0,2022-07-23 14:11:00+00:00,2022-12-31 17:00:00+00:00,0.75
10977,101465,2022-06-23T14:57:49Z,False,binary,1.0,2022-07-23 14:11:00+00:00,2022-12-31 17:00:00+00:00,0.8
10977,101465,2022-06-24T16:49:20Z,False,binary,1.0,2022-07-23 14:11:00+00:00,2022-12-31 17:00:00+00:00,0.75
10977,101465,2022-06-25T21:07:21Z,False,binary,1.0,2022-07-23 14:11:00+00:00,2022-12-31 17:00:00+00:00,0.4
10977,101465,2022-06-25T21:11:57Z,False,binary,1.0,2022-07-23 14:11:00+00:00,2022-12-31 17:00:00+00:00,0.6
10977,101465,2022-06-25T22:38:28Z,False,binary,1.0,2022-07-23 14:11:00+00:00,2022-12-31 17:00:00+00:00,0.55
10977,101465,2022-06-27T23:33:52Z,False,binary,1.0,2022-07-23 14:11:00+00:00,2022-12-31 17:00:00+00:00,0.5
10977,101465,2022-07-01T16:54:00Z,False,binary,1.0,2022-07-23 14:11:00+00:00,2022-12-31 17:00:00+00:00,0.66
10977,101465,2022-07-07T19:55:29Z,False,binary,1.0,2022-07-23 14:11:00+00:00,2022-12-31 17:00:00+00:00,0.69
10977,101465,2022-07-13T07:03:15Z,False,binary,1.0,2022-07-23 14:11:00+00:00,2022-12-31 17:00:00+00:00,0.75
10977,101465,2022-07-18T08:15:51Z,False,binary,1.0,2022-07-23 14:11:00+00:00,2022-12-31 17:00:00+00:00,0.78
10977,101465,2022-07-18T22:38:04Z,False,binary,1.0,2022-07-23 14:11:00+00:00,2022-12-31 17:00:00+00:00,0.8
10977,101465,2022-07-23T11:42:42Z,False,binary,1.0,2022-07-23 14:11:00+00:00,2022-12-31 17:00:00+00:00,0.9
10977,101465,2022-07-23T13:36:24Z,False,binary,1.0,2022-07-23 14:11:00+00:00,2022-12-31 17:00:00+00:00,0.99
10977,118218,2022-06-09T21:51:22Z,False,binary,1.0,2022-07-23 14:11:00+00:00,2022-12-31 17:00:00+00:00,0.29
10977,118218,2022-06-15T19:33:35Z,False,binary,1.0,2022-07-23 14:11:00+00:00,2022-12-31 17:00:00+00:00,0.34
10977,118218,2022-07-11T16:36:39Z,False,binary,1.0,2022-07-23 14:11:00+00:00,2022-12-31 17:00:00+00:00,0.41
10977,118218,2022-07-21T18:00:56Z,False,binary,1.0,2022-07-23 14:11:00+00:00,2022-12-31 17:00:00+00:00,0.61
10977,118218,2022-07-21T18:01:44Z,False,binary,1.0,2022-07-23 14:11:00+00:00,2022-12-31 17:00:00+00:00,0.59
10977,118218,2022-07-21T18:01:54Z,False,binary,1.0,2022-07-23 14:11:00+00:00,2022-12-31 17:00:00+00:00,0.57
10977,115250,2022-05-20T05:54:14Z,False,binary,1.0,2022-07-23 14:11:00+00:00,2022-12-31 17:00:00+00:00,0.9
10977,115250,2022-06-16T12:47:56Z,False,binary,1.0,2022-07-23 14:11:00+00:00,2022-12-31 17:00:00+00:00,0.75
10977,115250,2022-06-17T20:16:17Z,False,binary,1.0,2022-07-23 14:11:00+00:00,2022-12-31 17:00:00+00:00,0.49
10977,115250,2022-07-16T17:50:05Z,False,binary,1.0,2022-07-23 14:11:00+00:00,2022-12-31 17:00:00+00:00,0.9
10977,100345,2022-05-21T22:13:48Z,False,binary,1.0,2022-07-23 14:11:00+00:00,2022-12-31 17:00:00+00:00,0.5
10977,100345,2022-05-23T08:18:23Z,False,binary,1.0,2022-07-23 14:11:00+00:00,2022-12-31 17:00:00+00:00,0.3
10977,100345,2022-05-30T23:16:58Z,False,binary,1.0,2022-07-23 14:11:00+00:00,2022-12-31 17:00:00+00:00,0.2
10977,100345,2022-06-23T08:30:36Z,False,binary,1.0,2022-07-23 14:11:00+00:00,2022-12-31 17:00:00+00:00,0.5
10977,100345,2022-07-15T21:29:49Z,False,binary,1.0,2022-07-23 14:11:00+00:00,2022-12-31 17:00:00+00:00,0.6
10977,113439,2022-05-23T20:07:17Z,False,binary,1.0,2022-07-23 14:11:00+00:00,2022-12-31 17:00:00+00:00,0.46
10977,113439,2022-05-24T20:47:15Z,False,binary,1.0,2022-07-23 14:11:00+00:00,2022-12-31 17:00:00+00:00,0.45
10977,113439,2022-06-08T21:23:22Z,False,binary,1.0,2022-07-23 14:11:00+00:00,2022-12-31 17:00:00+00:00,0.38
10977,113439,2022-06-15T21:01:22Z,False,binary,1.0,2022-07-23 14:11:00+00:00,2022-12-31 17:00:00+00:00,0.39
10977,113439,2022-06-17T19:37:12Z,False,binary,1.0,2022-07-23 14:11:00+00:00,2022-12-31 17:00:00+00:00,0.4
10977,113439,2022-06-23T22:00:50Z,False,binary,1.0,2022-07-23 14:11:00+00:00,2022-12-31 17:00:00+00:00,0.45
10977,113439,2022-06-26T20:37:59Z,False,binary,1.0,2022-07-23 14:11:00+00:00,2022-12-31 17:00:00+00:00,0.43
10977,113439,2022-07-15T21:00:26Z,False,binary,1.0,2022-07-23 14:11:00+00:00,2022-12-31 17:00:00+00:00,0.45
10977,125165,2022-07-03T13:40:09Z,False,binary,1.0,2022-07-23 14:11:00+00:00,2022-12-31 17:00:00+00:00,0.35
10977,125165,2022-07-15T20:50:10Z,False,binary,1.0,2022-07-23 14:11:00+00:00,2022-12-31 17:00:00+00:00,0.55
10977,116132,2022-05-21T19:36:18Z,False,binary,1.0,2022-07-23 14:11:00+00:00,2022-12-31 17:00:00+00:00,0.59
10977,116132,2022-05-30T16:27:03Z,False,binary,1.0,2022-07-23 14:11:00+00:00,2022-12-31 17:00:00+00:00,0.41
10977,116132,2022-06-23T01:38:54Z,False,binary,1.0,2022-07-23 14:11:00+00:00,2022-12-31 17:00:00+00:00,0.43
10977,116132,2022-06-23T17:19:09Z,False,binary,1.0,2022-07-23 14:11:00+00:00,2022-12-31 17:00:00+00:00,0.44
10977,116132,2022-07-15T19:08:19Z,False,binary,1.0,2022-07-23 14:11:00+00:00,2022-12-31 17:00:00+00:00,0.45
10977,106326,2022-06-23T01:45:01Z,False,binary,1.0,2022-07-23 14:11:00+00:00,2022-12-31 17:00:00+00:00,0.49
10977,106326,2022-06-26T02:45:42Z,False,binary,1.0,2022-07-23 14:11:00+00:00,2022-12-31 17:00:00+00:00,0.43
10977,106326,2022-07-09T02:42:12Z,False,binary,1.0,2022-07-23 14:11:00+00:00,2022-12-31 17:00:00+00:00,0.49
10977,106326,2022-07-14T16:56:46Z,False,binary,1.0,2022-07-23 14:11:00+00:00,2022-12-31 17:00:00+00:00,0.51
10977,115375,2022-06-23T01:52:24Z,False,binary,1.0,2022-07-23 14:11:00+00:00,2022-12-31 17:00:00+00:00,0.85
10977,115375,2022-07-03T22:38:11Z,False,binary,1.0,2022-07-23 14:11:00+00:00,2022-12-31 17:00:00+00:00,0.75
10977,115375,2022-07-07T20:37:49Z,False,binary,1.0,2022-07-23 14:11:00+00:00,2022-12-31 17:00:00+00:00,0.65
10977,115375,2022-07-14T15:04:58Z,False,binary,1.0,2022-07-23 14:11:00+00:00,2022-12-31 17:00:00+00:00,0.99
10977,115375,2022-07-14T15:05:34Z,False,binary,1.0,2022-07-23 14:11:00+00:00,2022-12-31 17:00:00+00:00,0.9
10977,115375,2022-07-14T15:05:46Z,False,binary,1.0,2022-07-23 14:11:00+00:00,2022-12-31 17:00:00+00:00,0.85
10977,115375,2022-07-21T05:11:26Z,False,binary,1.0,2022-07-23 14:11:00+00:00,2022-12-31 17:00:00+00:00,0.99
10977,119094,2022-07-14T14:05:07Z,False,binary,1.0,2022-07-23 14:11:00+00:00,2022-12-31 17:00:00+00:00,0.6
10977,127949,2022-06-12T05:11:33Z,False,binary,1.0,2022-07-23 14:11:00+00:00,2022-12-31 17:00:00+00:00,0.9
10977,127949,2022-06-12T15:48:07Z,False,binary,1.0,2022-07-23 14:11:00+00:00,2022-12-31 17:00:00+00:00,0.9
10977,127949,2022-06-14T02:06:08Z,False,binary,1.0,2022-07-23 14:11:00+00:00,2022-12-31 17:00:00+00:00,0.9
10977,127949,2022-06-21T02:25:13Z,False,binary,1.0,2022-07-23 14:11:00+00:00,2022-12-31 17:00:00+00:00,0.9
10977,127949,2022-06-28T04:02:03Z,False,binary,1.0,2022-07-23 14:11:00+00:00,2022-12-31 17:00:00+00:00,0.9
10977,127949,2022-07-05T04:45:52Z,False,binary,1.0,2022-07-23 14:11:00+00:00,2022-12-31 17:00:00+00:00,0.9
10977,127949,2022-07-12T12:55:11Z,False,binary,1.0,2022-07-23 14:11:00+00:00,2022-12-31 17:00:00+00:00,0.9
10977,127949,2022-07-20T05:32:43Z,False,binary,1.0,2022-07-23 14:11:00+00:00,2022-12-31 17:00:00+00:00,0.8
10977,104086,2022-05-26T06:46:54Z,False,binary,1.0,2022-07-23 14:11:00+00:00,2022-12-31 17:00:00+00:00,0.1
10977,104086,2022-07-11T09:46:41Z,False,binary,1.0,2022-07-23 14:11:00+00:00,2022-12-31 17:00:00+00:00,0.16
10977,113989,2022-07-10T01:33:29Z,False,binary,1.0,2022-07-23 14:11:00+00:00,2022-12-31 17:00:00+00:00,0.6
10977,113989,2022-07-11T00:47:11Z,False,binary,1.0,2022-07-23 14:11:00+00:00,2022-12-31 17:00:00+00:00,0.66
10977,118276,2022-05-23T06:08:39Z,False,binary,1.0,2022-07-23 14:11:00+00:00,2022-12-31 17:00:00+00:00,0.2
10977,118276,2022-05-25T06:16:44Z,False,binary,1.0,2022-07-23 14:11:00+00:00,2022-12-31 17:00:00+00:00,0.15
10977,118276,2022-06-04T23:23:33Z,False,binary,1.0,2022-07-23 14:11:00+00:00,2022-12-31 17:00:00+00:00,0.1
10977,118276,2022-06-23T17:35:34Z,False,binary,1.0,2022-07-23 14:11:00+00:00,2022-12-31 17:00:00+00:00,0.51
10977,118276,2022-07-08T14:30:10Z,False,binary,1.0,2022-07-23 14:11:00+00:00,2022-12-31 17:00:00+00:00,0.4
10977,115975,2022-05-22T01:10:01Z,False,binary,1.0,2022-07-23 14:11:00+00:00,2022-12-31 17:00:00+00:00,0.2
10977,115975,2022-05-22T02:56:28Z,False,binary,1.0,2022-07-23 14:11:00+00:00,2022-12-31 17:00:00+00:00,0.21
10977,115975,2022-05-22T22:13:06Z,False,binary,1.0,2022-07-23 14:11:00+00:00,2022-12-31 17:00:00+00:00,0.19
10977,115975,2022-06-27T20:07:22Z,False,binary,1.0,2022-07-23 14:11:00+00:00,2022-12-31 17:00:00+00:00,0.05
10977,115975,2022-07-07T02:42:29Z,False,binary,1.0,2022-07-23 14:11:00+00:00,2022-12-31 17:00:00+00:00,0.56
10977,128564,2022-07-03T22:49:45Z,False,binary,1.0,2022-07-23 14:11:00+00:00,2022-12-31 17:00:00+00:00,0.1
10977,120257,2022-07-03T22:26:46Z,False,binary,1.0,2022-07-23 14:11:00+00:00,2022-12-31 17:00:00+00:00,0.4
10977,123015,2022-07-03T17:38:37Z,False,binary,1.0,2022-07-23 14:11:00+00:00,2022-12-31 17:00:00+00:00,0.37
10977,120255,2022-06-26T05:35:10Z,False,binary,1.0,2022-07-23 14:11:00+00:00,2022-12-31 17:00:00+00:00,0.33
10977,120255,2022-06-28T05:12:33Z,False,binary,1.0,2022-07-23 14:11:00+00:00,2022-12-31 17:00:00+00:00,0.26
10977,120255,2022-07-01T21:32:27Z,False,binary,1.0,2022-07-23 14:11:00+00:00,2022-12-31 17:00:00+00:00,0.42
10977,120255,2022-07-02T06:36:52Z,False,binary,1.0,2022-07-23 14:11:00+00:00,2022-12-31 17:00:00+00:00,0.49
10977,105656,2022-05-23T12:00:52Z,False,binary,1.0,2022-07-23 14:11:00+00:00,2022-12-31 17:00:00+00:00,0.25
10977,105656,2022-05-23T12:14:37Z,False,binary,1.0,2022-07-23 14:11:00+00:00,2022-12-31 17:00:00+00:00,0.2
10977,105656,2022-07-02T06:27:33Z,False,binary,1.0,2022-07-23 14:11:00+00:00,2022-12-31 17:00:00+00:00,0.5
10977,105656,2022-07-02T06:43:49Z,False,binary,1.0,2022-07-23 14:11:00+00:00,2022-12-31 17:00:00+00:00,0.4
10977,105656,2022-07-20T04:24:46Z,False,binary,1.0,2022-07-23 14:11:00+00:00,2022-12-31 17:00:00+00:00,0.55
10977,110540,2022-06-30T16:55:58Z,False,binary,1.0,2022-07-23 14:11:00+00:00,2022-12-31 17:00:00+00:00,0.44
10977,122994,2022-06-29T20:56:16Z,False,binary,1.0,2022-07-23 14:11:00+00:00,2022-12-31 17:00:00+00:00,0.99
10977,121131,2022-06-27T21:53:00Z,False,binary,1.0,2022-07-23 14:11:00+00:00,2022-12-31 17:00:00+00:00,0.14
10977,121225,2022-05-23T14:21:31Z,False,binary,1.0,2022-07-23 14:11:00+00:00,2022-12-31 17:00:00+00:00,0.2
10977,121225,2022-05-27T13:15:50Z,False,binary,1.0,2022-07-23 14:11:00+00:00,2022-12-31 17:00:00+00:00,0.25
10977,121225,2022-06-14T15:52:07Z,False,binary,1.0,2022-07-23 14:11:00+00:00,2022-12-31 17:00:00+00:00,0.35
10977,121225,2022-06-27T11:22:24Z,False,binary,1.0,2022-07-23 14:11:00+00:00,2022-12-31 17:00:00+00:00,0.3
10977,121225,2022-07-01T10:10:18Z,False,binary,1.0,2022-07-23 14:11:00+00:00,2022-12-31 17:00:00+00:00,0.8
10977,121225,2022-07-06T07:52:11Z,False,binary,1.0,2022-07-23 14:11:00+00:00,2022-12-31 17:00:00+00:00,0.3
10977,121225,2022-07-20T22:21:11Z,False,binary,1.0,2022-07-23 14:11:00+00:00,2022-12-31 17:00:00+00:00,0.35
10977,123401,2022-06-04T01:11:36Z,False,binary,1.0,2022-07-23 14:11:00+00:00,2022-12-31 17:00:00+00:00,0.08
10977,123401,2022-06-06T16:27:58Z,False,binary,1.0,2022-07-23 14:11:00+00:00,2022-12-31 17:00:00+00:00,0.18
10977,123401,2022-06-23T09:35:24Z,False,binary,1.0,2022-07-23 14:11:00+00:00,2022-12-31 17:00:00+00:00,0.32
10977,123401,2022-06-24T06:54:14Z,False,binary,1.0,2022-07-23 14:11:00+00:00,2022-12-31 17:00:00+00:00,0.48
10977,123401,2022-06-26T20:34:26Z,False,binary,1.0,2022-07-23 14:11:00+00:00,2022-12-31 17:00:00+00:00,0.25
10977,123401,2022-06-30T12:34:35Z,False,binary,1.0,2022-07-23 14:11:00+00:00,2022-12-31 17:00:00+00:00,0.61
10977,123401,2022-07-23T11:48:37Z,False,binary,1.0,2022-07-23 14:11:00+00:00,2022-12-31 17:00:00+00:00,0.77
10977,119706,2022-05-20T23:58:05Z,False,binary,1.0,2022-07-23 14:11:00+00:00,2022-12-31 17:00:00+00:00,0.7
10977,119706,2022-06-23T03:32:03Z,False,binary,1.0,2022-07-23 14:11:00+00:00,2022-12-31 17:00:00+00:00,0.48
10977,119706,2022-06-26T04:40:10Z,False,binary,1.0,2022-07-23 14:11:00+00:00,2022-12-31 17:00:00+00:00,0.4
10977,115725,2022-05-27T15:18:34Z,False,binary,1.0,2022-07-23 14:11:00+00:00,2022-12-31 17:00:00+00:00,0.2
10977,115725,2022-05-30T12:46:10Z,False,binary,1.0,2022-07-23 14:11:00+00:00,2022-12-31 17:00:00+00:00,0.18
10977,115725,2022-06-09T01:46:24Z,False,binary,1.0,2022-07-23 14:11:00+00:00,2022-12-31 17:00:00+00:00,0.2
10977,115725,2022-06-14T14:47:30Z,False,binary,1.0,2022-07-23 14:11:00+00:00,2022-12-31 17:00:00+00:00,0.28
10977,115725,2022-06-16T12:17:24Z,False,binary,1.0,2022-07-23 14:11:00+00:00,2022-12-31 17:00:00+00:00,0.31
10977,115725,2022-06-22T23:13:49Z,False,binary,1.0,2022-07-23 14:11:00+00:00,2022-12-31 17:00:00+00:00,0.5
10977,115725,2022-06-23T12:41:51Z,False,binary,1.0,2022-07-23 14:11:00+00:00,2022-12-31 17:00:00+00:00,0.57
10977,115725,2022-06-24T13:31:53Z,False,binary,1.0,2022-07-23 14:11:00+00:00,2022-12-31 17:00:00+00:00,0.82
10977,115725,2022-06-25T21:26:59Z,False,binary,1.0,2022-07-23 14:11:00+00:00,2022-12-31 17:00:00+00:00,0.47
10977,115725,2022-06-25T21:27:13Z,False,binary,1.0,2022-07-23 14:11:00+00:00,2022-12-31 17:00:00+00:00,0.45
10977,115725,2022-06-27T21:11:29Z,False,binary,1.0,2022-07-23 14:11:00+00:00,2022-12-31 17:00:00+00:00,0.35
10977,115725,2022-07-07T20:05:24Z,False,binary,1.0,2022-07-23 14:11:00+00:00,2022-12-31 17:00:00+00:00,0.38
10977,115725,2022-07-14T14:29:54Z,False,binary,1.0,2022-07-23 14:11:00+00:00,2022-12-31 17:00:00+00:00,0.44
10977,116988,2022-05-22T15:16:20Z,False,binary,1.0,2022-07-23 14:11:00+00:00,2022-12-31 17:00:00+00:00,0.35
10977,116988,2022-05-23T10:45:11Z,False,binary,1.0,2022-07-23 14:11:00+00:00,2022-12-31 17:00:00+00:00,0.3
10977,116988,2022-06-25T21:26:09Z,False,binary,1.0,2022-07-23 14:11:00+00:00,2022-12-31 17:00:00+00:00,0.1
10977,116988,2022-07-23T14:22:32Z,False,binary,1.0,2022-07-23 14:11:00+00:00,2022-12-31 17:00:00+00:00,0.99
10977,128298,2022-06-24T17:57:15Z,False,binary,1.0,2022-07-23 14:11:00+00:00,2022-12-31 17:00:00+00:00,0.31
10977,113830,2022-06-24T15:56:27Z,False,binary,1.0,2022-07-23 14:11:00+00:00,2022-12-31 17:00:00+00:00,0.2
10977,125016,2022-06-24T11:05:10Z,False,binary,1.0,2022-07-23 14:11:00+00:00,2022-12-31 17:00:00+00:00,0.51
10977,100912,2022-05-31T03:05:14Z,False,binary,1.0,2022-07-23 14:11:00+00:00,2022-12-31 17:00:00+00:00,0.3
10977,100912,2022-06-23T20:54:43Z,False,binary,1.0,2022-07-23 14:11:00+00:00,2022-12-31 17:00:00+00:00,0.55
10977,110500,2022-06-23T19:40:46Z,False,binary,1.0,2022-07-23 14:11:00+00:00,2022-12-31 17:00:00+00:00,0.4
10977,110500,2022-06-23T19:40:52Z,False,binary,1.0,2022-07-23 14:11:00+00:00,2022-12-31 17:00:00+00:00,0.45
10977,110500,2022-06-23T19:44:12Z,False,binary,1.0,2022-07-23 14:11:00+00:00,2022-12-31 17:00:00+00:00,0.55
10977,110500,2022-06-23T19:46:20Z,False,binary,1.0,2022-07-23 14:11:00+00:00,2022-12-31 17:00:00+00:00,0.6
10977,110500,2022-06-26T11:04:59Z,False,binary,1.0,2022-07-23 14:11:00+00:00,2022-12-31 17:00:00+00:00,0.4
10977,110500,2022-06-26T11:06:53Z,False,binary,1.0,2022-07-23 14:11:00+00:00,2022-12-31 17:00:00+00:00,0.35
10977,110500,2022-06-28T14:08:09Z,False,binary,1.0,2022-07-23 14:11:00+00:00,2022-12-31 17:00:00+00:00,0.3
10977,110500,2022-07-04T08:49:37Z,False,binary,1.0,2022-07-23 14:11:00+00:00,2022-12-31 17:00:00+00:00,0.4
10977,110500,2022-07-14T16:31:49Z,False,binary,1.0,2022-07-23 14:11:00+00:00,2022-12-31 17:00:00+00:00,0.44
10977,110500,2022-07-17T10:47:26Z,False,binary,1.0,2022-07-23 14:11:00+00:00,2022-12-31 17:00:00+00:00,0.51
10977,106142,2022-06-23T13:46:17Z,False,binary,1.0,2022-07-23 14:11:00+00:00,2022-12-31 17:00:00+00:00,0.7
10977,111160,2022-06-09T23:06:11Z,False,binary,1.0,2022-07-23 14:11:00+00:00,2022-12-31 17:00:00+00:00,0.09
10977,111160,2022-06-23T13:28:43Z,False,binary,1.0,2022-07-23 14:11:00+00:00,2022-12-31 17:00:00+00:00,0.35
10977,117139,2022-06-23T13:25:41Z,False,binary,1.0,2022-07-23 14:11:00+00:00,2022-12-31 17:00:00+00:00,0.59
10977,123622,2022-05-20T18:27:35Z,False,binary,1.0,2022-07-23 14:11:00+00:00,2022-12-31 17:00:00+00:00,0.56
10977,123622,2022-05-25T04:25:21Z,False,binary,1.0,2022-07-23 14:11:00+00:00,2022-12-31 17:00:00+00:00,0.25
10977,123622,2022-06-17T22:40:02Z,False,binary,1.0,2022-07-23 14:11:00+00:00,2022-12-31 17:00:00+00:00,0.33
10977,123622,2022-06-23T10:09:42Z,False,binary,1.0,2022-07-23 14:11:00+00:00,2022-12-31 17:00:00+00:00,0.44
10977,123622,2022-07-23T14:59:29Z,False,binary,1.0,2022-07-23 14:11:00+00:00,2022-12-31 17:00:00+00:00,0.86
10977,123622,2022-07-23T15:00:14Z,False,binary,1.0,2022-07-23 14:11:00+00:00,2022-12-31 17:00:00+00:00,0.99
10977,111166,2022-06-23T09:26:47Z,False,binary,1.0,2022-07-23 14:11:00+00:00,2022-12-31 17:00:00+00:00,0.5
10977,116584,2022-06-23T07:06:43Z,False,binary,1.0,2022-07-23 14:11:00+00:00,2022-12-31 17:00:00+00:00,0.53
10977,109158,2022-05-20T19:49:43Z,False,binary,1.0,2022-07-23 14:11:00+00:00,2022-12-31 17:00:00+00:00,0.67
10977,109158,2022-05-22T15:12:08Z,False,binary,1.0,2022-07-23 14:11:00+00:00,2022-12-31 17:00:00+00:00,0.32
10977,109158,2022-05-23T04:47:24Z,False,binary,1.0,2022-07-23 14:11:00+00:00,2022-12-31 17:00:00+00:00,0.17
10977,109158,2022-06-23T06:03:11Z,False,binary,1.0,2022-07-23 14:11:00+00:00,2022-12-31 17:00:00+00:00,0.33
10977,111881,2022-05-21T01:42:22Z,False,binary,1.0,2022-07-23 14:11:00+00:00,2022-12-31 17:00:00+00:00,0.61
10977,111881,2022-05-24T00:08:48Z,False,binary,1.0,2022-07-23 14:11:00+00:00,2022-12-31 17:00:00+00:00,0.3
10977,111881,2022-05-26T01:21:48Z,False,binary,1.0,2022-07-23 14:11:00+00:00,2022-12-31 17:00:00+00:00,0.25
10977,111881,2022-06-14T16:36:15Z,False,binary,1.0,2022-07-23 14:11:00+00:00,2022-12-31 17:00:00+00:00,0.29
10977,111881,2022-06-16T02:21:32Z,False,binary,1.0,2022-07-23 14:11:00+00:00,2022-12-31 17:00:00+00:00,0.33
10977,111881,2022-06-23T04:00:23Z,False,binary,1.0,2022-07-23 14:11:00+00:00,2022-12-31 17:00:00+00:00,0.43
10977,111881,2022-06-28T04:17:41Z,False,binary,1.0,2022-07-23 14:11:00+00:00,2022-12-31 17:00:00+00:00,0.39
10977,111881,2022-07-02T09:31:16Z,False,binary,1.0,2022-07-23 14:11:00+00:00,2022-12-31 17:00:00+00:00,0.44
10977,111881,2022-07-04T07:19:30Z,False,binary,1.0,2022-07-23 14:11:00+00:00,2022-12-31 17:00:00+00:00,0.42
10977,111881,2022-07-05T08:40:39Z,False,binary,1.0,2022-07-23 14:11:00+00:00,2022-12-31 17:00:00+00:00,0.44
10977,111881,2022-07-14T09:54:56Z,False,binary,1.0,2022-07-23 14:11:00+00:00,2022-12-31 17:00:00+00:00,0.42
10977,111881,2022-07-15T10:47:06Z,False,binary,1.0,2022-07-23 14:11:00+00:00,2022-12-31 17:00:00+00:00,0.51
10977,116440,2022-05-22T05:15:26Z,False,binary,1.0,2022-07-23 14:11:00+00:00,2022-12-31 17:00:00+00:00,0.66
10977,116440,2022-05-22T18:28:52Z,False,binary,1.0,2022-07-23 14:11:00+00:00,2022-12-31 17:00:00+00:00,0.55
10977,116440,2022-05-22T23:17:05Z,False,binary,1.0,2022-07-23 14:11:00+00:00,2022-12-31 17:00:00+00:00,0.45
10977,116440,2022-05-23T09:45:09Z,False,binary,1.0,2022-07-23 14:11:00+00:00,2022-12-31 17:00:00+00:00,0.3
10977,116440,2022-05-30T21:23:00Z,False,binary,1.0,2022-07-23 14:11:00+00:00,2022-12-31 17:00:00+00:00,0.26
10977,116440,2022-06-22T23:43:13Z,False,binary,1.0,2022-07-23 14:11:00+00:00,2022-12-31 17:00:00+00:00,0.39
10977,116440,2022-07-09T22:58:51Z,False,binary,1.0,2022-07-23 14:11:00+00:00,2022-12-31 17:00:00+00:00,0.4
10977,111848,2022-05-19T19:54:40Z,False,binary,1.0,2022-07-23 14:11:00+00:00,2022-12-31 17:00:00+00:00,0.55
10977,111848,2022-05-20T01:36:31Z,False,binary,1.0,2022-07-23 14:11:00+00:00,2022-12-31 17:00:00+00:00,0.43
10977,111848,2022-05-20T12:05:24Z,False,binary,1.0,2022-07-23 14:11:00+00:00,2022-12-31 17:00:00+00:00,0.89
10977,111848,2022-05-23T16:19:05Z,False,binary,1.0,2022-07-23 14:11:00+00:00,2022-12-31 17:00:00+00:00,0.53
10977,111848,2022-05-23T20:59:09Z,False,binary,1.0,2022-07-23 14:11:00+00:00,2022-12-31 17:00:00+00:00,0.46
10977,111848,2022-06-22T22:47:39Z,False,binary,1.0,2022-07-23 14:11:00+00:00,2022-12-31 17:00:00+00:00,0.55
10977,111848,2022-06-29T14:57:43Z,False,binary,1.0,2022-07-23 14:11:00+00:00,2022-12-31 17:00:00+00:00,0.41
10977,111848,2022-07-01T22:20:24Z,False,binary,1.0,2022-07-23 14:11:00+00:00,2022-12-31 17:00:00+00:00,0.48
10977,111848,2022-07-14T14:04:04Z,False,binary,1.0,2022-07-23 14:11:00+00:00,2022-12-31 17:00:00+00:00,0.6
10977,102710,2022-06-16T14:15:26Z,False,binary,1.0,2022-07-23 14:11:00+00:00,2022-12-31 17:00:00+00:00,0.24
10977,120344,2022-05-20T23:11:16Z,False,binary,1.0,2022-07-23 14:11:00+00:00,2022-12-31 17:00:00+00:00,0.59
10977,120344,2022-05-28T18:11:53Z,False,binary,1.0,2022-07-23 14:11:00+00:00,2022-12-31 17:00:00+00:00,0.39
10977,120344,2022-05-28T18:13:29Z,False,binary,1.0,2022-07-23 14:11:00+00:00,2022-12-31 17:00:00+00:00,0.38
10977,120344,2022-05-30T13:57:54Z,False,binary,1.0,2022-07-23 14:11:00+00:00,2022-12-31 17:00:00+00:00,0.32
10977,120344,2022-06-14T21:53:56Z,False,binary,1.0,2022-07-23 14:11:00+00:00,2022-12-31 17:00:00+00:00,0.4
10977,120344,2022-06-24T01:42:00Z,False,binary,1.0,2022-07-23 14:11:00+00:00,2022-12-31 17:00:00+00:00,0.5
10977,120344,2022-06-24T01:42:11Z,False,binary,1.0,2022-07-23 14:11:00+00:00,2022-12-31 17:00:00+00:00,0.55
10977,120344,2022-06-26T10:21:09Z,False,binary,1.0,2022-07-23 14:11:00+00:00,2022-12-31 17:00:00+00:00,0.39
10977,127487,2022-06-14T19:55:17Z,False,binary,1.0,2022-07-23 14:11:00+00:00,2022-12-31 17:00:00+00:00,0.4
10977,128036,2022-06-14T17:40:04Z,False,binary,1.0,2022-07-23 14:11:00+00:00,2022-12-31 17:00:00+00:00,0.15
10977,127854,2022-06-08T18:22:45Z,False,binary,1.0,2022-07-23 14:11:00+00:00,2022-12-31 17:00:00+00:00,0.15
10977,127385,2022-06-08T16:31:49Z,False,binary,1.0,2022-07-23 14:11:00+00:00,2022-12-31 17:00:00+00:00,0.28
10977,113068,2022-06-08T15:30:47Z,False,binary,1.0,2022-07-23 14:11:00+00:00,2022-12-31 17:00:00+00:00,0.1
10977,112167,2022-06-07T14:00:27Z,False,binary,1.0,2022-07-23 14:11:00+00:00,2022-12-31 17:00:00+00:00,0.23
10977,112167,2022-06-23T17:27:54Z,False,binary,1.0,2022-07-23 14:11:00+00:00,2022-12-31 17:00:00+00:00,0.5
10977,112167,2022-06-23T17:28:03Z,False,binary,1.0,2022-07-23 14:11:00+00:00,2022-12-31 17:00:00+00:00,0.6
10977,111659,2022-05-20T07:27:37Z,False,binary,1.0,2022-07-23 14:11:00+00:00,2022-12-31 17:00:00+00:00,0.45
10977,111659,2022-05-20T18:13:21Z,False,binary,1.0,2022-07-23 14:11:00+00:00,2022-12-31 17:00:00+00:00,0.58
10977,111659,2022-05-21T00:09:38Z,False,binary,1.0,2022-07-23 14:11:00+00:00,2022-12-31 17:00:00+00:00,0.56
10977,111659,2022-06-01T06:29:24Z,False,binary,1.0,2022-07-23 14:11:00+00:00,2022-12-31 17:00:00+00:00,0.38
10977,111659,2022-06-04T22:24:23Z,False,binary,1.0,2022-07-23 14:11:00+00:00,2022-12-31 17:00:00+00:00,0.24
10977,111659,2022-06-16T16:36:33Z,False,binary,1.0,2022-07-23 14:11:00+00:00,2022-12-31 17:00:00+00:00,0.38
10977,111659,2022-07-14T21:48:15Z,False,binary,1.0,2022-07-23 14:11:00+00:00,2022-12-31 17:00:00+00:00,0.47
10977,111659,2022-07-14T21:56:42Z,False,binary,1.0,2022-07-23 14:11:00+00:00,2022-12-31 17:00:00+00:00,0.59
10977,111659,2022-07-14T21:57:37Z,False,binary,1.0,2022-07-23 14:11:00+00:00,2022-12-31 17:00:00+00:00,0.56
10977,111659,2022-07-14T21:57:40Z,False,binary,1.0,2022-07-23 14:11:00+00:00,2022-12-31 17:00:00+00:00,0.57
10977,112705,2022-05-21T08:20:40Z,False,binary,1.0,2022-07-23 14:11:00+00:00,2022-12-31 17:00:00+00:00,0.756339138294081
10977,112705,2022-05-23T12:48:51Z,False,binary,1.0,2022-07-23 14:11:00+00:00,2022-12-31 17:00:00+00:00,0.2617028690398061
10977,112705,2022-05-26T13:19:22Z,False,binary,1.0,2022-07-23 14:11:00+00:00,2022-12-31 17:00:00+00:00,0.1465685346600955
10977,112705,2022-06-02T13:48:32Z,False,binary,1.0,2022-07-23 14:11:00+00:00,2022-12-31 17:00:00+00:00,0.2617028690398061
10977,112705,2022-06-24T02:38:28Z,False,binary,1.0,2022-07-23 14:11:00+00:00,2022-12-31 17:00:00+00:00,0.654419372628138
10977,112705,2022-06-26T05:35:49Z,False,binary,1.0,2022-07-23 14:11:00+00:00,2022-12-31 17:00:00+00:00,0.5031803122556786
10977,112705,2022-06-28T02:33:44Z,False,binary,1.0,2022-07-23 14:11:00+00:00,2022-12-31 17:00:00+00:00,0.3971160799988839
10977,112705,2022-07-06T03:26:42Z,False,binary,1.0,2022-07-23 14:11:00+00:00,2022-12-31 17:00:00+00:00,0.5031803122556786
10977,112705,2022-07-15T00:07:32Z,False,binary,1.0,2022-07-23 14:11:00+00:00,2022-12-31 17:00:00+00:00,0.6059754736745077
10977,124826,2022-05-20T09:35:29Z,False,binary,1.0,2022-07-23 14:11:00+00:00,2022-12-31 17:00:00+00:00,0.55
10977,124826,2022-05-21T08:29:24Z,False,binary,1.0,2022-07-23 14:11:00+00:00,2022-12-31 17:00:00+00:00,0.6
10977,124826,2022-06-02T07:26:50Z,False,binary,1.0,2022-07-23 14:11:00+00:00,2022-12-31 17:00:00+00:00,0.4
10977,111713,2022-06-02T01:57:34Z,False,binary,1.0,2022-07-23 14:11:00+00:00,2022-12-31 17:00:00+00:00,0.23
10977,109233,2022-06-01T21:38:04Z,False,binary,1.0,2022-07-23 14:11:00+00:00,2022-12-31 17:00:00+00:00,0.31
10977,127643,2022-05-31T20:09:47Z,False,binary,1.0,2022-07-23 14:11:00+00:00,2022-12-31 17:00:00+00:00,0.35
10977,127643,2022-06-23T23:26:23Z,False,binary,1.0,2022-07-23 14:11:00+00:00,2022-12-31 17:00:00+00:00,0.58
10977,124773,2022-05-31T10:48:31Z,False,binary,1.0,2022-07-23 14:11:00+00:00,2022-12-31 17:00:00+00:00,0.4
10977,125275,2022-05-30T20:01:12Z,False,binary,1.0,2022-07-23 14:11:00+00:00,2022-12-31 17:00:00+00:00,0.37
10977,125275,2022-06-28T01:49:07Z,False,binary,1.0,2022-07-23 14:11:00+00:00,2022-12-31 17:00:00+00:00,0.38
10977,112104,2022-05-30T17:20:48Z,False,binary,1.0,2022-07-23 14:11:00+00:00,2022-12-31 17:00:00+00:00,0.15
10977,127067,2022-05-30T15:10:40Z,False,binary,1.0,2022-07-23 14:11:00+00:00,2022-12-31 17:00:00+00:00,0.21
10977,127067,2022-06-23T11:29:13Z,False,binary,1.0,2022-07-23 14:11:00+00:00,2022-12-31 17:00:00+00:00,0.24
10977,127067,2022-07-06T21:45:41Z,False,binary,1.0,2022-07-23 14:11:00+00:00,2022-12-31 17:00:00+00:00,0.29
10977,117502,2022-05-20T13:34:12Z,False,binary,1.0,2022-07-23 14:11:00+00:00,2022-12-31 17:00:00+00:00,0.75
10977,117502,2022-05-20T13:34:21Z,False,binary,1.0,2022-07-23 14:11:00+00:00,2022-12-31 17:00:00+00:00,0.67
10977,117502,2022-05-20T13:40:00Z,False,binary,1.0,2022-07-23 14:11:00+00:00,2022-12-31 17:00:00+00:00,0.64
10977,117502,2022-05-20T18:34:55Z,False,binary,1.0,2022-07-23 14:11:00+00:00,2022-12-31 17:00:00+00:00,0.5
10977,117502,2022-05-20T18:35:03Z,False,binary,1.0,2022-07-23 14:11:00+00:00,2022-12-31 17:00:00+00:00,0.52
10977,117502,2022-05-22T18:58:50Z,False,binary,1.0,2022-07-23 14:11:00+00:00,2022-12-31 17:00:00+00:00,0.35
10977,117502,2022-05-30T12:37:55Z,False,binary,1.0,2022-07-23 14:11:00+00:00,2022-12-31 17:00:00+00:00,0.25
10977,117502,2022-06-16T02:22:19Z,False,binary,1.0,2022-07-23 14:11:00+00:00,2022-12-31 17:00:00+00:00,0.4
10977,117502,2022-06-22T23:32:14Z,False,binary,1.0,2022-07-23 14:11:00+00:00,2022-12-31 17:00:00+00:00,0.5
10977,117502,2022-06-23T14:44:56Z,False,binary,1.0,2022-07-23 14:11:00+00:00,2022-12-31 17:00:00+00:00,0.55
10977,117502,2022-06-25T21:54:00Z,False,binary,1.0,2022-07-23 14:11:00+00:00,2022-12-31 17:00:00+00:00,0.25
10977,117502,2022-06-27T22:39:16Z,False,binary,1.0,2022-07-23 14:11:00+00:00,2022-12-31 17:00:00+00:00,0.15
10977,117502,2022-07-03T14:38:51Z,False,binary,1.0,2022-07-23 14:11:00+00:00,2022-12-31 17:00:00+00:00,0.25
10977,117502,2022-07-14T16:14:06Z,False,binary,1.0,2022-07-23 14:11:00+00:00,2022-12-31 17:00:00+00:00,0.35
10977,112656,2022-05-30T08:28:59Z,False,binary,1.0,2022-07-23 14:11:00+00:00,2022-12-31 17:00:00+00:00,0.2
10977,112656,2022-06-16T12:04:16Z,False,binary,1.0,2022-07-23 14:11:00+00:00,2022-12-31 17:00:00+00:00,0.4
10977,112005,2022-05-28T16:52:22Z,False,binary,1.0,2022-07-23 14:11:00+00:00,2022-12-31 17:00:00+00:00,0.14
10977,127587,2022-05-28T02:43:34Z,False,binary,1.0,2022-07-23 14:11:00+00:00,2022-12-31 17:00:00+00:00,0.7
10977,127560,2022-05-26T21:48:45Z,False,binary,1.0,2022-07-23 14:11:00+00:00,2022-12-31 17:00:00+00:00,0.15
10977,121431,2022-05-25T05:58:12Z,False,binary,1.0,2022-07-23 14:11:00+00:00,2022-12-31 17:00:00+00:00,0.52
10977,121431,2022-05-25T05:58:18Z,False,binary,1.0,2022-07-23 14:11:00+00:00,2022-12-31 17:00:00+00:00,0.49
10977,121431,2022-05-31T03:11:20Z,False,binary,1.0,2022-07-23 14:11:00+00:00,2022-12-31 17:00:00+00:00,0.4
10977,121431,2022-06-08T00:02:02Z,False,binary,1.0,2022-07-23 14:11:00+00:00,2022-12-31 17:00:00+00:00,0.39
10977,121431,2022-06-16T00:42:51Z,False,binary,1.0,2022-07-23 14:11:00+00:00,2022-12-31 17:00:00+00:00,0.4
10977,121431,2022-06-22T19:25:34Z,False,binary,1.0,2022-07-23 14:11:00+00:00,2022-12-31 17:00:00+00:00,0.41
10977,121431,2022-06-22T19:27:11Z,False,binary,1.0,2022-07-23 14:11:00+00:00,2022-12-31 17:00:00+00:00,0.46
10977,121431,2022-06-22T19:27:29Z,False,binary,1.0,2022-07-23 14:11:00+00:00,2022-12-31 17:00:00+00:00,0.5
10977,121431,2022-06-23T00:32:56Z,False,binary,1.0,2022-07-23 14:11:00+00:00,2022-12-31 17:00:00+00:00,0.51
10977,121431,2022-06-23T05:10:35Z,False,binary,1.0,2022-07-23 14:11:00+00:00,2022-12-31 17:00:00+00:00,0.52
10977,121431,2022-06-23T14:15:03Z,False,binary,1.0,2022-07-23 14:11:00+00:00,2022-12-31 17:00:00+00:00,0.63
10977,121431,2022-06-26T07:40:16Z,False,binary,1.0,2022-07-23 14:11:00+00:00,2022-12-31 17:00:00+00:00,0.62
10977,121431,2022-06-28T00:32:28Z,False,binary,1.0,2022-07-23 14:11:00+00:00,2022-12-31 17:00:00+00:00,0.55
10977,121431,2022-06-30T01:34:35Z,False,binary,1.0,2022-07-23 14:11:00+00:00,2022-12-31 17:00:00+00:00,0.5
10977,121431,2022-07-01T22:38:27Z,False,binary,1.0,2022-07-23 14:11:00+00:00,2022-12-31 17:00:00+00:00,0.51
10977,121431,2022-07-14T23:26:25Z,False,binary,1.0,2022-07-23 14:11:00+00:00,2022-12-31 17:00:00+00:00,0.52
10977,113693,2022-05-24T22:10:51Z,False,binary,1.0,2022-07-23 14:11:00+00:00,2022-12-31 17:00:00+00:00,0.15
10977,113693,2022-06-05T18:54:21Z,False,binary,1.0,2022-07-23 14:11:00+00:00,2022-12-31 17:00:00+00:00,0.2
10977,113693,2022-07-13T16:53:01Z,False,binary,1.0,2022-07-23 14:11:00+00:00,2022-12-31 17:00:00+00:00,0.35
10977,127043,2022-05-24T22:06:27Z,False,binary,1.0,2022-07-23 14:11:00+00:00,2022-12-31 17:00:00+00:00,0.65
10977,108495,2022-05-24T21:02:00Z,False,binary,1.0,2022-07-23 14:11:00+00:00,2022-12-31 17:00:00+00:00,0.22
10977,115191,2022-05-24T18:02:04Z,False,binary,1.0,2022-07-23 14:11:00+00:00,2022-12-31 17:00:00+00:00,0.13
10977,115191,2022-05-31T05:44:57Z,False,binary,1.0,2022-07-23 14:11:00+00:00,2022-12-31 17:00:00+00:00,0.06
10977,119005,2022-05-24T17:38:38Z,False,binary,1.0,2022-07-23 14:11:00+00:00,2022-12-31 17:00:00+00:00,0.33
10977,117580,2022-05-24T14:39:47Z,False,binary,1.0,2022-07-23 14:11:00+00:00,2022-12-31 17:00:00+00:00,0.2
10977,117580,2022-06-05T10:16:11Z,False,binary,1.0,2022-07-23 14:11:00+00:00,2022-12-31 17:00:00+00:00,0.09
10977,117580,2022-06-23T08:35:05Z,False,binary,1.0,2022-07-23 14:11:00+00:00,2022-12-31 17:00:00+00:00,0.39
10977,117580,2022-06-25T21:13:11Z,False,binary,1.0,2022-07-23 14:11:00+00:00,2022-12-31 17:00:00+00:00,0.3
10977,117580,2022-07-02T19:46:40Z,False,binary,1.0,2022-07-23 14:11:00+00:00,2022-12-31 17:00:00+00:00,0.2
10977,117580,2022-07-23T14:30:38Z,False,binary,1.0,2022-07-23 14:11:00+00:00,2022-12-31 17:00:00+00:00,0.99
10977,114115,2022-05-24T12:04:25Z,False,binary,1.0,2022-07-23 14:11:00+00:00,2022-12-31 17:00:00+00:00,0.25
10977,112024,2022-05-20T09:42:28Z,False,binary,1.0,2022-07-23 14:11:00+00:00,2022-12-31 17:00:00+00:00,0.15
10977,112024,2022-05-20T09:42:33Z,False,binary,1.0,2022-07-23 14:11:00+00:00,2022-12-31 17:00:00+00:00,0.2
10977,112024,2022-05-20T12:45:05Z,False,binary,1.0,2022-07-23 14:11:00+00:00,2022-12-31 17:00:00+00:00,0.55
10977,112024,2022-05-21T07:26:56Z,False,binary,1.0,2022-07-23 14:11:00+00:00,2022-12-31 17:00:00+00:00,0.6
10977,112024,2022-05-23T06:10:43Z,False,binary,1.0,2022-07-23 14:11:00+00:00,2022-12-31 17:00:00+00:00,0.51
10977,112024,2022-05-23T07:58:14Z,False,binary,1.0,2022-07-23 14:11:00+00:00,2022-12-31 17:00:00+00:00,0.4
10977,112024,2022-05-24T07:42:52Z,False,binary,1.0,2022-07-23 14:11:00+00:00,2022-12-31 17:00:00+00:00,0.25
10977,112024,2022-05-27T09:29:06Z,False,binary,1.0,2022-07-23 14:11:00+00:00,2022-12-31 17:00:00+00:00,0.15
10977,112024,2022-05-30T07:57:29Z,False,binary,1.0,2022-07-23 14:11:00+00:00,2022-12-31 17:00:00+00:00,0.1
10977,112024,2022-06-23T07:55:10Z,False,binary,1.0,2022-07-23 14:11:00+00:00,2022-12-31 17:00:00+00:00,0.4
10977,112024,2022-06-24T08:01:20Z,False,binary,1.0,2022-07-23 14:11:00+00:00,2022-12-31 17:00:00+00:00,0.45
10977,108632,2022-05-23T18:35:38Z,False,binary,1.0,2022-07-23 14:11:00+00:00,2022-12-31 17:00:00+00:00,0.1
10977,123873,2022-05-23T13:36:46Z,False,binary,1.0,2022-07-23 14:11:00+00:00,2022-12-31 17:00:00+00:00,0.1
10977,127017,2022-05-23T06:09:40Z,False,binary,1.0,2022-07-23 14:11:00+00:00,2022-12-31 17:00:00+00:00,0.05
10977,125324,2022-05-22T18:49:19Z,False,binary,1.0,2022-07-23 14:11:00+00:00,2022-12-31 17:00:00+00:00,0.67
10977,122116,2022-05-22T15:15:53Z,False,binary,1.0,2022-07-23 14:11:00+00:00,2022-12-31 17:00:00+00:00,0.3
10977,114215,2022-05-22T14:04:42Z,False,binary,1.0,2022-07-23 14:11:00+00:00,2022-12-31 17:00:00+00:00,0.6
10977,123408,2022-05-22T11:17:46Z,False,binary,1.0,2022-07-23 14:11:00+00:00,2022-12-31 17:00:00+00:00,0.52
10977,125612,2022-05-21T16:23:10Z,False,binary,1.0,2022-07-23 14:11:00+00:00,2022-12-31 17:00:00+00:00,0.01
10977,124371,2022-05-20T14:31:46Z,False,binary,1.0,2022-07-23 14:11:00+00:00,2022-12-31 17:00:00+00:00,0.62
10977,124371,2022-05-21T14:35:51Z,False,binary,1.0,2022-07-23 14:11:00+00:00,2022-12-31 17:00:00+00:00,0.52
10977,124371,2022-05-23T16:42:24Z,False,binary,1.0,2022-07-23 14:11:00+00:00,2022-12-31 17:00:00+00:00,0.15
10977,103309,2022-05-21T08:57:33Z,False,binary,1.0,2022-07-23 14:11:00+00:00,2022-12-31 17:00:00+00:00,0.4
10977,103309,2022-05-21T08:58:03Z,False,binary,1.0,2022-07-23 14:11:00+00:00,2022-12-31 17:00:00+00:00,0.55
10977,126295,2022-05-21T05:55:18Z,False,binary,1.0,2022-07-23 14:11:00+00:00,2022-12-31 17:00:00+00:00,0.61
10977,114171,2022-05-21T03:16:22Z,False,binary,1.0,2022-07-23 14:11:00+00:00,2022-12-31 17:00:00+00:00,0.33
10977,117970,2022-05-21T01:35:06Z,False,binary,1.0,2022-07-23 14:11:00+00:00,2022-12-31 17:00:00+00:00,0.64
10977,117970,2022-05-23T21:00:52Z,False,binary,1.0,2022-07-23 14:11:00+00:00,2022-12-31 17:00:00+00:00,0.42
10977,117970,2022-05-24T06:17:20Z,False,binary,1.0,2022-07-23 14:11:00+00:00,2022-12-31 17:00:00+00:00,0.4
10977,117970,2022-06-01T05:09:24Z,False,binary,1.0,2022-07-23 14:11:00+00:00,2022-12-31 17:00:00+00:00,0.37
10977,111327,2022-05-20T22:53:01Z,False,binary,1.0,2022-07-23 14:11:00+00:00,2022-12-31 17:00:00+00:00,0.04
10977,111327,2022-05-20T22:56:19Z,False,binary,1.0,2022-07-23 14:11:00+00:00,2022-12-31 17:00:00+00:00,0.2
10977,111327,2022-05-21T00:26:15Z,False,binary,1.0,2022-07-23 14:11:00+00:00,2022-12-31 17:00:00+00:00,0.3
10977,111327,2022-05-21T08:21:34Z,False,binary,1.0,2022-07-23 14:11:00+00:00,2022-12-31 17:00:00+00:00,0.75
10977,121519,2022-05-20T19:23:36Z,False,binary,1.0,2022-07-23 14:11:00+00:00,2022-12-31 17:00:00+00:00,0.22
10977,121519,2022-05-20T19:25:03Z,False,binary,1.0,2022-07-23 14:11:00+00:00,2022-12-31 17:00:00+00:00,0.69
10977,105906,2022-05-20T18:03:27Z,False,binary,1.0,2022-07-23 14:11:00+00:00,2022-12-31 17:00:00+00:00,0.76
10977,105906,2022-05-20T18:03:34Z,False,binary,1.0,2022-07-23 14:11:00+00:00,2022-12-31 17:00:00+00:00,0.74
10977,105906,2022-05-23T16:46:22Z,False,binary,1.0,2022-07-23 14:11:00+00:00,2022-12-31 17:00:00+00:00,0.3
10977,105906,2022-05-23T16:46:24Z,False,binary,1.0,2022-07-23 14:11:00+00:00,2022-12-31 17:00:00+00:00,0.25
10977,105906,2022-07-08T12:09:45Z,False,binary,1.0,2022-07-23 14:11:00+00:00,2022-12-31 17:00:00+00:00,0.34
10977,127407,2022-05-20T17:21:20Z,False,binary,1.0,2022-07-23 14:11:00+00:00,2022-12-31 17:00:00+00:00,0.29
10977,114516,2022-05-20T16:11:15Z,False,binary,1.0,2022-07-23 14:11:00+00:00,2022-12-31 17:00:00+00:00,0.62
10977,114516,2022-05-25T04:20:13Z,False,binary,1.0,2022-07-23 14:11:00+00:00,2022-12-31 17:00:00+00:00,0.22
10977,114516,2022-06-29T10:15:31Z,False,binary,1.0,2022-07-23 14:11:00+00:00,2022-12-31 17:00:00+00:00,0.44
10977,114516,2022-07-01T15:44:38Z,False,binary,1.0,2022-07-23 14:11:00+00:00,2022-12-31 17:00:00+00:00,0.5
10977,114516,2022-07-11T22:44:04Z,False,binary,1.0,2022-07-23 14:11:00+00:00,2022-12-31 17:00:00+00:00,0.52
10977,120998,2022-05-20T15:08:45Z,False,binary,1.0,2022-07-23 14:11:00+00:00,2022-12-31 17:00:00+00:00,0.85
10977,111743,2022-05-20T14:11:26Z,False,binary,1.0,2022-07-23 14:11:00+00:00,2022-12-31 17:00:00+00:00,0.67
10977,118771,2022-05-20T14:10:56Z,False,binary,1.0,2022-07-23 14:11:00+00:00,2022-12-31 17:00:00+00:00,0.84
10977,118771,2022-05-23T06:09:18Z,False,binary,1.0,2022-07-23 14:11:00+00:00,2022-12-31 17:00:00+00:00,0.28
10977,117719,2022-05-20T13:22:39Z,False,binary,1.0,2022-07-23 14:11:00+00:00,2022-12-31 17:00:00+00:00,0.9
10977,114685,2022-05-20T13:12:27Z,False,binary,1.0,2022-07-23 14:11:00+00:00,2022-12-31 17:00:00+00:00,0.7
10977,114685,2022-05-23T09:42:47Z,False,binary,1.0,2022-07-23 14:11:00+00:00,2022-12-31 17:00:00+00:00,0.33
10977,114685,2022-05-24T21:17:31Z,False,binary,1.0,2022-07-23 14:11:00+00:00,2022-12-31 17:00:00+00:00,0.2
10977,117121,2022-05-20T12:59:29Z,False,binary,1.0,2022-07-23 14:11:00+00:00,2022-12-31 17:00:00+00:00,0.6
10977,117121,2022-05-21T07:41:33Z,False,binary,1.0,2022-07-23 14:11:00+00:00,2022-12-31 17:00:00+00:00,0.38
10977,127300,2022-05-20T10:43:21Z,False,binary,1.0,2022-07-23 14:11:00+00:00,2022-12-31 17:00:00+00:00,0.75
10977,111714,2022-05-20T09:20:54Z,False,binary,1.0,2022-07-23 14:11:00+00:00,2022-12-31 17:00:00+00:00,0.7
10977,111714,2022-05-23T09:27:11Z,False,binary,1.0,2022-07-23 14:11:00+00:00,2022-12-31 17:00:00+00:00,0.4
10977,111714,2022-05-23T16:02:12Z,False,binary,1.0,2022-07-23 14:11:00+00:00,2022-12-31 17:00:00+00:00,0.55
10977,114627,2022-05-20T05:57:04Z,False,binary,1.0,2022-07-23 14:11:00+00:00,2022-12-31 17:00:00+00:00,0.33
10977,123618,2022-05-20T05:29:59Z,False,binary,1.0,2022-07-23 14:11:00+00:00,2022-12-31 17:00:00+00:00,0.1
